    Finished `dev` profile [unoptimized + debuginfo] target(s) in 0.05s
     Running `target/debug/mio-gui`
resize_event t_us=69 event=800x600 configured=800x600 scale=1
surface_configured t_us=1144 configured=800x600
frame_acquired t_us=7260 configured=800x600 texture=800x600
frame_presented t_us=9480 configured=800x600
frame_acquired t_us=9623 configured=800x600 texture=800x600
frame_presented t_us=10890 configured=800x600
frame_acquired t_us=11019 configured=800x600 texture=800x600
frame_presented t_us=11491 configured=800x600
frame_acquired t_us=11575 configured=800x600 texture=800x600
frame_presented t_us=12003 configured=800x600
frame_acquired t_us=14011 configured=800x600 texture=800x600
frame_presented t_us=14443 configured=800x600
frame_acquired t_us=20303 configured=800x600 texture=800x600
frame_presented t_us=20770 configured=800x600
frame_acquired t_us=20858 configured=800x600 texture=800x600
frame_presented t_us=21114 configured=800x600
frame_acquired t_us=21177 configured=800x600 texture=800x600
frame_presented t_us=21396 configured=800x600
frame_acquired t_us=21483 configured=800x600 texture=800x600
frame_presented t_us=21969 configured=800x600
frame_acquired t_us=22034 configured=800x600 texture=800x600
frame_presented t_us=22542 configured=800x600
frame_acquired t_us=22602 configured=800x600 texture=800x600
frame_presented t_us=22834 configured=800x600
frame_acquired t_us=22892 configured=800x600 texture=800x600
frame_presented t_us=23119 configured=800x600
frame_acquired t_us=23178 configured=800x600 texture=800x600
frame_presented t_us=23407 configured=800x600
frame_acquired t_us=23466 configured=800x600 texture=800x600
frame_presented t_us=23686 configured=800x600
frame_acquired t_us=23744 configured=800x600 texture=800x600
frame_presented t_us=23961 configured=800x600
frame_acquired t_us=24018 configured=800x600 texture=800x600
frame_presented t_us=24235 configured=800x600
frame_acquired t_us=24295 configured=800x600 texture=800x600
frame_presented t_us=24513 configured=800x600
frame_acquired t_us=24571 configured=800x600 texture=800x600
frame_presented t_us=24795 configured=800x600
frame_acquired t_us=24852 configured=800x600 texture=800x600
frame_presented t_us=25069 configured=800x600
frame_acquired t_us=25126 configured=800x600 texture=800x600
frame_presented t_us=25352 configured=800x600
frame_acquired t_us=25409 configured=800x600 texture=800x600
frame_presented t_us=25651 configured=800x600
frame_acquired t_us=25739 configured=800x600 texture=800x600
frame_presented t_us=26068 configured=800x600
frame_acquired t_us=26126 configured=800x600 texture=800x600
frame_presented t_us=26354 configured=800x600
frame_acquired t_us=26410 configured=800x600 texture=800x600
frame_presented t_us=26603 configured=800x600
frame_acquired t_us=26657 configured=800x600 texture=800x600
frame_presented t_us=26876 configured=800x600
frame_acquired t_us=26931 configured=800x600 texture=800x600
frame_presented t_us=27141 configured=800x600
frame_acquired t_us=27195 configured=800x600 texture=800x600
frame_presented t_us=27415 configured=800x600
frame_acquired t_us=27469 configured=800x600 texture=800x600
frame_presented t_us=27677 configured=800x600
frame_acquired t_us=27732 configured=800x600 texture=800x600
frame_presented t_us=27939 configured=800x600
frame_acquired t_us=27993 configured=800x600 texture=800x600
frame_presented t_us=28199 configured=800x600
frame_acquired t_us=28253 configured=800x600 texture=800x600
frame_presented t_us=28466 configured=800x600
frame_acquired t_us=28520 configured=800x600 texture=800x600
frame_presented t_us=28724 configured=800x600
frame_acquired t_us=28778 configured=800x600 texture=800x600
frame_presented t_us=28981 configured=800x600
frame_acquired t_us=29042 configured=800x600 texture=800x600
frame_presented t_us=29229 configured=800x600
frame_acquired t_us=29297 configured=800x600 texture=800x600
frame_presented t_us=29490 configured=800x600
frame_acquired t_us=29544 configured=800x600 texture=800x600
frame_presented t_us=30008 configured=800x600
frame_acquired t_us=30067 configured=800x600 texture=800x600
frame_presented t_us=30304 configured=800x600
frame_acquired t_us=30361 configured=800x600 texture=800x600
frame_presented t_us=30579 configured=800x600
frame_acquired t_us=30634 configured=800x600 texture=800x600
frame_presented t_us=30844 configured=800x600
frame_acquired t_us=30898 configured=800x600 texture=800x600
frame_presented t_us=31108 configured=800x600
frame_acquired t_us=31162 configured=800x600 texture=800x600
frame_presented t_us=31376 configured=800x600
frame_acquired t_us=31430 configured=800x600 texture=800x600
frame_presented t_us=31638 configured=800x600
frame_acquired t_us=31692 configured=800x600 texture=800x600
frame_presented t_us=31906 configured=800x600
frame_acquired t_us=31960 configured=800x600 texture=800x600
frame_presented t_us=32167 configured=800x600
frame_acquired t_us=32222 configured=800x600 texture=800x600
frame_presented t_us=32438 configured=800x600
frame_acquired t_us=32492 configured=800x600 texture=800x600
frame_presented t_us=32698 configured=800x600
frame_acquired t_us=32751 configured=800x600 texture=800x600
frame_presented t_us=32957 configured=800x600
frame_acquired t_us=33010 configured=800x600 texture=800x600
frame_presented t_us=33221 configured=800x600
frame_acquired t_us=33274 configured=800x600 texture=800x600
frame_presented t_us=33494 configured=800x600
frame_acquired t_us=33547 configured=800x600 texture=800x600
frame_presented t_us=33752 configured=800x600
frame_acquired t_us=33805 configured=800x600 texture=800x600
frame_presented t_us=34012 configured=800x600
frame_acquired t_us=34064 configured=800x600 texture=800x600
frame_presented t_us=34269 configured=800x600
frame_acquired t_us=34327 configured=800x600 texture=800x600
frame_presented t_us=34539 configured=800x600
frame_acquired t_us=34593 configured=800x600 texture=800x600
frame_presented t_us=34803 configured=800x600
frame_acquired t_us=34856 configured=800x600 texture=800x600
frame_presented t_us=35062 configured=800x600
frame_acquired t_us=35115 configured=800x600 texture=800x600
frame_presented t_us=35328 configured=800x600
frame_acquired t_us=35382 configured=800x600 texture=800x600
frame_presented t_us=35588 configured=800x600
frame_acquired t_us=35641 configured=800x600 texture=800x600
frame_presented t_us=35847 configured=800x600
frame_acquired t_us=35903 configured=800x600 texture=800x600
frame_presented t_us=36122 configured=800x600
frame_acquired t_us=36182 configured=800x600 texture=800x600
frame_presented t_us=36407 configured=800x600
frame_acquired t_us=36466 configured=800x600 texture=800x600
frame_presented t_us=36685 configured=800x600
frame_acquired t_us=36741 configured=800x600 texture=800x600
frame_presented t_us=36967 configured=800x600
frame_acquired t_us=37038 configured=800x600 texture=800x600
frame_presented t_us=37401 configured=800x600
frame_acquired t_us=37463 configured=800x600 texture=800x600
frame_presented t_us=37704 configured=800x600
frame_acquired t_us=37759 configured=800x600 texture=800x600
frame_presented t_us=37953 configured=800x600
frame_acquired t_us=38007 configured=800x600 texture=800x600
frame_presented t_us=38193 configured=800x600
frame_acquired t_us=38633 configured=800x600 texture=800x600
frame_presented t_us=38883 configured=800x600
frame_acquired t_us=38946 configured=800x600 texture=800x600
frame_presented t_us=39190 configured=800x600
frame_acquired t_us=39249 configured=800x600 texture=800x600
frame_presented t_us=39476 configured=800x600
frame_acquired t_us=39535 configured=800x600 texture=800x600
frame_presented t_us=39759 configured=800x600
frame_acquired t_us=39817 configured=800x600 texture=800x600
frame_presented t_us=40034 configured=800x600
frame_acquired t_us=40090 configured=800x600 texture=800x600
frame_presented t_us=40311 configured=800x600
frame_acquired t_us=40369 configured=800x600 texture=800x600
frame_presented t_us=40588 configured=800x600
frame_acquired t_us=40646 configured=800x600 texture=800x600
frame_presented t_us=40863 configured=800x600
frame_acquired t_us=40919 configured=800x600 texture=800x600
frame_presented t_us=41141 configured=800x600
frame_acquired t_us=41197 configured=800x600 texture=800x600
frame_presented t_us=41428 configured=800x600
frame_acquired t_us=41485 configured=800x600 texture=800x600
frame_presented t_us=41730 configured=800x600
frame_acquired t_us=41821 configured=800x600 texture=800x600
frame_presented t_us=42106 configured=800x600
frame_acquired t_us=42164 configured=800x600 texture=800x600
frame_presented t_us=42394 configured=800x600
frame_acquired t_us=42453 configured=800x600 texture=800x600
frame_presented t_us=42672 configured=800x600
frame_acquired t_us=42729 configured=800x600 texture=800x600
frame_presented t_us=42945 configured=800x600
frame_acquired t_us=43002 configured=800x600 texture=800x600
frame_presented t_us=43217 configured=800x600
frame_acquired t_us=43274 configured=800x600 texture=800x600
frame_presented t_us=43496 configured=800x600
frame_acquired t_us=43554 configured=800x600 texture=800x600
frame_presented t_us=43773 configured=800x600
frame_acquired t_us=43830 configured=800x600 texture=800x600
frame_presented t_us=44044 configured=800x600
frame_acquired t_us=44100 configured=800x600 texture=800x600
frame_presented t_us=44317 configured=800x600
frame_acquired t_us=44375 configured=800x600 texture=800x600
frame_presented t_us=44593 configured=800x600
frame_acquired t_us=44650 configured=800x600 texture=800x600
frame_presented t_us=44866 configured=800x600
frame_acquired t_us=44923 configured=800x600 texture=800x600
frame_presented t_us=45140 configured=800x600
frame_acquired t_us=45200 configured=800x600 texture=800x600
frame_presented t_us=45431 configured=800x600
frame_acquired t_us=45492 configured=800x600 texture=800x600
frame_presented t_us=45721 configured=800x600
frame_acquired t_us=45830 configured=800x600 texture=800x600
frame_presented t_us=46043 configured=800x600
frame_acquired t_us=46099 configured=800x600 texture=800x600
frame_presented t_us=46332 configured=800x600
frame_acquired t_us=46394 configured=800x600 texture=800x600
frame_presented t_us=46630 configured=800x600
frame_acquired t_us=46686 configured=800x600 texture=800x600
frame_presented t_us=46903 configured=800x600
frame_acquired t_us=46959 configured=800x600 texture=800x600
frame_presented t_us=47178 configured=800x600
frame_acquired t_us=47235 configured=800x600 texture=800x600
frame_presented t_us=47458 configured=800x600
frame_acquired t_us=47515 configured=800x600 texture=800x600
frame_presented t_us=47731 configured=800x600
frame_acquired t_us=47787 configured=800x600 texture=800x600
frame_presented t_us=48001 configured=800x600
frame_acquired t_us=48057 configured=800x600 texture=800x600
frame_presented t_us=48271 configured=800x600
frame_acquired t_us=48331 configured=800x600 texture=800x600
frame_presented t_us=48551 configured=800x600
frame_acquired t_us=48607 configured=800x600 texture=800x600
frame_presented t_us=48821 configured=800x600
frame_acquired t_us=48877 configured=800x600 texture=800x600
frame_presented t_us=49091 configured=800x600
frame_acquired t_us=49147 configured=800x600 texture=800x600
frame_presented t_us=49378 configured=800x600
frame_acquired t_us=49436 configured=800x600 texture=800x600
frame_presented t_us=49657 configured=800x600
frame_acquired t_us=49715 configured=800x600 texture=800x600
frame_presented t_us=49932 configured=800x600
frame_acquired t_us=49989 configured=800x600 texture=800x600
frame_presented t_us=50203 configured=800x600
frame_acquired t_us=50259 configured=800x600 texture=800x600
frame_presented t_us=50522 configured=800x600
frame_acquired t_us=50618 configured=800x600 texture=800x600
frame_presented t_us=50867 configured=800x600
frame_acquired t_us=50924 configured=800x600 texture=800x600
frame_presented t_us=51140 configured=800x600
frame_acquired t_us=51197 configured=800x600 texture=800x600
frame_presented t_us=51420 configured=800x600
frame_acquired t_us=51477 configured=800x600 texture=800x600
frame_presented t_us=51703 configured=800x600
frame_acquired t_us=51760 configured=800x600 texture=800x600
frame_presented t_us=51969 configured=800x600
frame_acquired t_us=52027 configured=800x600 texture=800x600
frame_presented t_us=52235 configured=800x600
frame_acquired t_us=52293 configured=800x600 texture=800x600
frame_presented t_us=52504 configured=800x600
frame_acquired t_us=52566 configured=800x600 texture=800x600
frame_presented t_us=52784 configured=800x600
frame_acquired t_us=52841 configured=800x600 texture=800x600
frame_presented t_us=53056 configured=800x600
frame_acquired t_us=53112 configured=800x600 texture=800x600
frame_presented t_us=53340 configured=800x600
frame_acquired t_us=53398 configured=800x600 texture=800x600
frame_presented t_us=53621 configured=800x600
frame_acquired t_us=53680 configured=800x600 texture=800x600
frame_presented t_us=53895 configured=800x600
frame_acquired t_us=53952 configured=800x600 texture=800x600
frame_presented t_us=54170 configured=800x600
frame_acquired t_us=54227 configured=800x600 texture=800x600
frame_presented t_us=54453 configured=800x600
frame_acquired t_us=54511 configured=800x600 texture=800x600
frame_presented t_us=54724 configured=800x600
frame_acquired t_us=54780 configured=800x600 texture=800x600
frame_presented t_us=54993 configured=800x600
frame_acquired t_us=55050 configured=800x600 texture=800x600
frame_presented t_us=55265 configured=800x600
frame_acquired t_us=55325 configured=800x600 texture=800x600
frame_presented t_us=55542 configured=800x600
frame_acquired t_us=55599 configured=800x600 texture=800x600
frame_presented t_us=55814 configured=800x600
frame_acquired t_us=55869 configured=800x600 texture=800x600
frame_presented t_us=56084 configured=800x600
frame_acquired t_us=56140 configured=800x600 texture=800x600
frame_presented t_us=56361 configured=800x600
frame_acquired t_us=56418 configured=800x600 texture=800x600
frame_presented t_us=56635 configured=800x600
frame_acquired t_us=56691 configured=800x600 texture=800x600
frame_presented t_us=56909 configured=800x600
frame_acquired t_us=56964 configured=800x600 texture=800x600
frame_presented t_us=57153 configured=800x600
frame_acquired t_us=57206 configured=800x600 texture=800x600
frame_presented t_us=57414 configured=800x600
frame_acquired t_us=57616 configured=800x600 texture=800x600
frame_presented t_us=57859 configured=800x600
frame_acquired t_us=57917 configured=800x600 texture=800x600
frame_presented t_us=58162 configured=800x600
frame_acquired t_us=58220 configured=800x600 texture=800x600
frame_presented t_us=58451 configured=800x600
frame_acquired t_us=58509 configured=800x600 texture=800x600
frame_presented t_us=58729 configured=800x600
frame_acquired t_us=58785 configured=800x600 texture=800x600
frame_presented t_us=59000 configured=800x600
frame_acquired t_us=59056 configured=800x600 texture=800x600
frame_presented t_us=59272 configured=800x600
frame_acquired t_us=59332 configured=800x600 texture=800x600
frame_presented t_us=59548 configured=800x600
frame_acquired t_us=59604 configured=800x600 texture=800x600
frame_presented t_us=59818 configured=800x600
frame_acquired t_us=59874 configured=800x600 texture=800x600
frame_presented t_us=60092 configured=800x600
frame_acquired t_us=60149 configured=800x600 texture=800x600
frame_presented t_us=60369 configured=800x600
frame_acquired t_us=60426 configured=800x600 texture=800x600
frame_presented t_us=60641 configured=800x600
frame_acquired t_us=60698 configured=800x600 texture=800x600
frame_presented t_us=60914 configured=800x600
frame_acquired t_us=60971 configured=800x600 texture=800x600
frame_presented t_us=61187 configured=800x600
frame_acquired t_us=61243 configured=800x600 texture=800x600
frame_presented t_us=61474 configured=800x600
frame_acquired t_us=61534 configured=800x600 texture=800x600
frame_presented t_us=61793 configured=800x600
frame_acquired t_us=61887 configured=800x600 texture=800x600
frame_presented t_us=62192 configured=800x600
frame_acquired t_us=62253 configured=800x600 texture=800x600
frame_presented t_us=62486 configured=800x600
frame_acquired t_us=62597 configured=800x600 texture=800x600
frame_presented t_us=62807 configured=800x600
frame_acquired t_us=62869 configured=800x600 texture=800x600
frame_presented t_us=63119 configured=800x600
frame_acquired t_us=63178 configured=800x600 texture=800x600
frame_presented t_us=63403 configured=800x600
frame_acquired t_us=63460 configured=800x600 texture=800x600
frame_presented t_us=63676 configured=800x600
frame_acquired t_us=63732 configured=800x600 texture=800x600
frame_presented t_us=63947 configured=800x600
frame_acquired t_us=64004 configured=800x600 texture=800x600
frame_presented t_us=64219 configured=800x600
frame_acquired t_us=64275 configured=800x600 texture=800x600
frame_presented t_us=64494 configured=800x600
frame_acquired t_us=64550 configured=800x600 texture=800x600
frame_presented t_us=64765 configured=800x600
frame_acquired t_us=64821 configured=800x600 texture=800x600
frame_presented t_us=65034 configured=800x600
frame_acquired t_us=65091 configured=800x600 texture=800x600
frame_presented t_us=65318 configured=800x600
frame_acquired t_us=65375 configured=800x600 texture=800x600
frame_presented t_us=65599 configured=800x600
frame_acquired t_us=65656 configured=800x600 texture=800x600
frame_presented t_us=65877 configured=800x600
frame_acquired t_us=65934 configured=800x600 texture=800x600
frame_presented t_us=66150 configured=800x600
frame_acquired t_us=66207 configured=800x600 texture=800x600
frame_presented t_us=66429 configured=800x600
frame_acquired t_us=66485 configured=800x600 texture=800x600
frame_presented t_us=66701 configured=800x600
frame_acquired t_us=66757 configured=800x600 texture=800x600
frame_presented t_us=66971 configured=800x600
frame_acquired t_us=67028 configured=800x600 texture=800x600
frame_presented t_us=67242 configured=800x600
frame_acquired t_us=67307 configured=800x600 texture=800x600
frame_presented t_us=67597 configured=800x600
frame_acquired t_us=67680 configured=800x600 texture=800x600
frame_presented t_us=67906 configured=800x600
frame_acquired t_us=67964 configured=800x600 texture=800x600
frame_presented t_us=68180 configured=800x600
frame_acquired t_us=68237 configured=800x600 texture=800x600
frame_presented t_us=68472 configured=800x600
frame_acquired t_us=68527 configured=800x600 texture=800x600
frame_presented t_us=68734 configured=800x600
frame_acquired t_us=68787 configured=800x600 texture=800x600
frame_presented t_us=68992 configured=800x600
frame_acquired t_us=69045 configured=800x600 texture=800x600
frame_presented t_us=69261 configured=800x600
frame_acquired t_us=69329 configured=800x600 texture=800x600
frame_presented t_us=69553 configured=800x600
frame_acquired t_us=69613 configured=800x600 texture=800x600
frame_presented t_us=69830 configured=800x600
frame_acquired t_us=69890 configured=800x600 texture=800x600
frame_presented t_us=70108 configured=800x600
frame_acquired t_us=70168 configured=800x600 texture=800x600
frame_presented t_us=70393 configured=800x600
frame_acquired t_us=70454 configured=800x600 texture=800x600
frame_presented t_us=70674 configured=800x600
frame_acquired t_us=70734 configured=800x600 texture=800x600
frame_presented t_us=70949 configured=800x600
frame_acquired t_us=71010 configured=800x600 texture=800x600
frame_presented t_us=71223 configured=800x600
frame_acquired t_us=71288 configured=800x600 texture=800x600
frame_presented t_us=71515 configured=800x600
frame_acquired t_us=71570 configured=800x600 texture=800x600
frame_presented t_us=71764 configured=800x600
frame_acquired t_us=71819 configured=800x600 texture=800x600
frame_presented t_us=72045 configured=800x600
frame_acquired t_us=72104 configured=800x600 texture=800x600
frame_presented t_us=72326 configured=800x600
frame_acquired t_us=72387 configured=800x600 texture=800x600
frame_presented t_us=72601 configured=800x600
frame_acquired t_us=72655 configured=800x600 texture=800x600
frame_presented t_us=72873 configured=800x600
frame_acquired t_us=72932 configured=800x600 texture=800x600
frame_presented t_us=73147 configured=800x600
frame_acquired t_us=73207 configured=800x600 texture=800x600
frame_presented t_us=73438 configured=800x600
frame_acquired t_us=73494 configured=800x600 texture=800x600
frame_presented t_us=73720 configured=800x600
frame_acquired t_us=73776 configured=800x600 texture=800x600
frame_presented t_us=73993 configured=800x600
frame_acquired t_us=74052 configured=800x600 texture=800x600
frame_presented t_us=74266 configured=800x600
frame_acquired t_us=74330 configured=800x600 texture=800x600
frame_presented t_us=74546 configured=800x600
frame_acquired t_us=74605 configured=800x600 texture=800x600
frame_presented t_us=74819 configured=800x600
frame_acquired t_us=74878 configured=800x600 texture=800x600
frame_presented t_us=75094 configured=800x600
frame_acquired t_us=75154 configured=800x600 texture=800x600
frame_presented t_us=75377 configured=800x600
frame_acquired t_us=75437 configured=800x600 texture=800x600
frame_presented t_us=75655 configured=800x600
frame_acquired t_us=75716 configured=800x600 texture=800x600
frame_presented t_us=75930 configured=800x600
frame_acquired t_us=75985 configured=800x600 texture=800x600
frame_presented t_us=76210 configured=800x600
frame_acquired t_us=76322 configured=800x600 texture=800x600
frame_presented t_us=76553 configured=800x600
frame_acquired t_us=76609 configured=800x600 texture=800x600
frame_presented t_us=76832 configured=800x600
frame_acquired t_us=76891 configured=800x600 texture=800x600
frame_presented t_us=77110 configured=800x600
frame_acquired t_us=77169 configured=800x600 texture=800x600
frame_presented t_us=77392 configured=800x600
frame_acquired t_us=77452 configured=800x600 texture=800x600
frame_presented t_us=77666 configured=800x600
frame_acquired t_us=77726 configured=800x600 texture=800x600
frame_presented t_us=77939 configured=800x600
frame_acquired t_us=77998 configured=800x600 texture=800x600
frame_presented t_us=78210 configured=800x600
frame_acquired t_us=78270 configured=800x600 texture=800x600
frame_presented t_us=78491 configured=800x600
frame_acquired t_us=78546 configured=800x600 texture=800x600
frame_presented t_us=78757 configured=800x600
frame_acquired t_us=78814 configured=800x600 texture=800x600
frame_presented t_us=79027 configured=800x600
frame_acquired t_us=79257 configured=800x600 texture=800x600
frame_presented t_us=79539 configured=800x600
frame_acquired t_us=79608 configured=800x600 texture=800x600
frame_presented t_us=79836 configured=800x600
frame_acquired t_us=79898 configured=800x600 texture=800x600
frame_presented t_us=80115 configured=800x600
frame_acquired t_us=80180 configured=800x600 texture=800x600
frame_presented t_us=80397 configured=800x600
frame_acquired t_us=80457 configured=800x600 texture=800x600
frame_presented t_us=80669 configured=800x600
frame_acquired t_us=80728 configured=800x600 texture=800x600
frame_presented t_us=80933 configured=800x600
frame_acquired t_us=80992 configured=800x600 texture=800x600
frame_presented t_us=81197 configured=800x600
frame_acquired t_us=81255 configured=800x600 texture=800x600
frame_presented t_us=81466 configured=800x600
frame_acquired t_us=81525 configured=800x600 texture=800x600
frame_presented t_us=81729 configured=800x600
frame_acquired t_us=81787 configured=800x600 texture=800x600
frame_presented t_us=81995 configured=800x600
frame_acquired t_us=82053 configured=800x600 texture=800x600
frame_presented t_us=82258 configured=800x600
frame_acquired t_us=82322 configured=800x600 texture=800x600
frame_presented t_us=82532 configured=800x600
frame_acquired t_us=82590 configured=800x600 texture=800x600
frame_presented t_us=82797 configured=800x600
frame_acquired t_us=82854 configured=800x600 texture=800x600
frame_presented t_us=83059 configured=800x600
frame_acquired t_us=83117 configured=800x600 texture=800x600
frame_presented t_us=83328 configured=800x600
frame_acquired t_us=83386 configured=800x600 texture=800x600
frame_presented t_us=83590 configured=800x600
frame_acquired t_us=83648 configured=800x600 texture=800x600
frame_presented t_us=83852 configured=800x600
frame_acquired t_us=83910 configured=800x600 texture=800x600
frame_presented t_us=84113 configured=800x600
frame_acquired t_us=84172 configured=800x600 texture=800x600
frame_presented t_us=84380 configured=800x600
frame_acquired t_us=84442 configured=800x600 texture=800x600
frame_presented t_us=84648 configured=800x600
frame_acquired t_us=84706 configured=800x600 texture=800x600
frame_presented t_us=84911 configured=800x600
frame_acquired t_us=84969 configured=800x600 texture=800x600
frame_presented t_us=85174 configured=800x600
frame_acquired t_us=85233 configured=800x600 texture=800x600
frame_presented t_us=85442 configured=800x600
frame_acquired t_us=85500 configured=800x600 texture=800x600
frame_presented t_us=85704 configured=800x600
frame_acquired t_us=85762 configured=800x600 texture=800x600
frame_presented t_us=85967 configured=800x600
frame_acquired t_us=86020 configured=800x600 texture=800x600
frame_presented t_us=86225 configured=800x600
frame_acquired t_us=86287 configured=800x600 texture=800x600
frame_presented t_us=86494 configured=800x600
frame_acquired t_us=86552 configured=800x600 texture=800x600
frame_presented t_us=86758 configured=800x600
frame_acquired t_us=86816 configured=800x600 texture=800x600
frame_presented t_us=87023 configured=800x600
frame_acquired t_us=87076 configured=800x600 texture=800x600
frame_presented t_us=87286 configured=800x600
frame_acquired t_us=87344 configured=800x600 texture=800x600
frame_presented t_us=87556 configured=800x600
frame_acquired t_us=87615 configured=800x600 texture=800x600
frame_presented t_us=87821 configured=800x600
frame_acquired t_us=87876 configured=800x600 texture=800x600
frame_presented t_us=88074 configured=800x600
frame_acquired t_us=88128 configured=800x600 texture=800x600
frame_presented t_us=88344 configured=800x600
frame_acquired t_us=88403 configured=800x600 texture=800x600
frame_presented t_us=88611 configured=800x600
frame_acquired t_us=88670 configured=800x600 texture=800x600
frame_presented t_us=88877 configured=800x600
frame_acquired t_us=88935 configured=800x600 texture=800x600
frame_presented t_us=89142 configured=800x600
frame_acquired t_us=89200 configured=800x600 texture=800x600
frame_presented t_us=89411 configured=800x600
frame_acquired t_us=89470 configured=800x600 texture=800x600
frame_presented t_us=89674 configured=800x600
frame_acquired t_us=89731 configured=800x600 texture=800x600
frame_presented t_us=89936 configured=800x600
frame_acquired t_us=89994 configured=800x600 texture=800x600
frame_presented t_us=90200 configured=800x600
frame_acquired t_us=90258 configured=800x600 texture=800x600
frame_presented t_us=90468 configured=800x600
frame_acquired t_us=90522 configured=800x600 texture=800x600
frame_presented t_us=90729 configured=800x600
frame_acquired t_us=90783 configured=800x600 texture=800x600
frame_presented t_us=90998 configured=800x600
frame_acquired t_us=91053 configured=800x600 texture=800x600
frame_presented t_us=91261 configured=800x600
frame_acquired t_us=91319 configured=800x600 texture=800x600
frame_presented t_us=91528 configured=800x600
frame_acquired t_us=91585 configured=800x600 texture=800x600
frame_presented t_us=91791 configured=800x600
frame_acquired t_us=91845 configured=800x600 texture=800x600
frame_presented t_us=92049 configured=800x600
frame_acquired t_us=92107 configured=800x600 texture=800x600
frame_presented t_us=92318 configured=800x600
frame_acquired t_us=92376 configured=800x600 texture=800x600
frame_presented t_us=92582 configured=800x600
frame_acquired t_us=92639 configured=800x600 texture=800x600
frame_presented t_us=92843 configured=800x600
frame_acquired t_us=92896 configured=800x600 texture=800x600
frame_presented t_us=93102 configured=800x600
frame_acquired t_us=93159 configured=800x600 texture=800x600
frame_presented t_us=93370 configured=800x600
frame_acquired t_us=93423 configured=800x600 texture=800x600
frame_presented t_us=93630 configured=800x600
frame_acquired t_us=93687 configured=800x600 texture=800x600
frame_presented t_us=93895 configured=800x600
frame_acquired t_us=93953 configured=800x600 texture=800x600
frame_presented t_us=94158 configured=800x600
frame_acquired t_us=94216 configured=800x600 texture=800x600
frame_presented t_us=94433 configured=800x600
frame_acquired t_us=94496 configured=800x600 texture=800x600
frame_presented t_us=94702 configured=800x600
frame_acquired t_us=94760 configured=800x600 texture=800x600
frame_presented t_us=94965 configured=800x600
frame_acquired t_us=95019 configured=800x600 texture=800x600
frame_presented t_us=95221 configured=800x600
frame_acquired t_us=95279 configured=800x600 texture=800x600
frame_presented t_us=95484 configured=800x600
frame_acquired t_us=95760 configured=800x600 texture=800x600
frame_presented t_us=95982 configured=800x600
frame_acquired t_us=96037 configured=800x600 texture=800x600
frame_presented t_us=96247 configured=800x600
frame_acquired t_us=96311 configured=800x600 texture=800x600
frame_presented t_us=96521 configured=800x600
frame_acquired t_us=96579 configured=800x600 texture=800x600
frame_presented t_us=96784 configured=800x600
frame_acquired t_us=96842 configured=800x600 texture=800x600
frame_presented t_us=97047 configured=800x600
frame_acquired t_us=97105 configured=800x600 texture=800x600
frame_presented t_us=97316 configured=800x600
frame_acquired t_us=97375 configured=800x600 texture=800x600
frame_presented t_us=97581 configured=800x600
frame_acquired t_us=97638 configured=800x600 texture=800x600
frame_presented t_us=97843 configured=800x600
frame_acquired t_us=97901 configured=800x600 texture=800x600
frame_presented t_us=98107 configured=800x600
frame_acquired t_us=98165 configured=800x600 texture=800x600
frame_presented t_us=98375 configured=800x600
frame_acquired t_us=98433 configured=800x600 texture=800x600
frame_presented t_us=98639 configured=800x600
frame_acquired t_us=98696 configured=800x600 texture=800x600
frame_presented t_us=98901 configured=800x600
frame_acquired t_us=98959 configured=800x600 texture=800x600
frame_presented t_us=99162 configured=800x600
frame_acquired t_us=99220 configured=800x600 texture=800x600
frame_presented t_us=99431 configured=800x600
frame_acquired t_us=99489 configured=800x600 texture=800x600
frame_presented t_us=99694 configured=800x600
frame_acquired t_us=99751 configured=800x600 texture=800x600
frame_presented t_us=99956 configured=800x600
frame_acquired t_us=100014 configured=800x600 texture=800x600
frame_presented t_us=100217 configured=800x600
frame_acquired t_us=100275 configured=800x600 texture=800x600
frame_presented t_us=100484 configured=800x600
frame_acquired t_us=100543 configured=800x600 texture=800x600
frame_presented t_us=100749 configured=800x600
frame_acquired t_us=100806 configured=800x600 texture=800x600
frame_presented t_us=101011 configured=800x600
frame_acquired t_us=101068 configured=800x600 texture=800x600
frame_presented t_us=101272 configured=800x600
frame_acquired t_us=101334 configured=800x600 texture=800x600
frame_presented t_us=101541 configured=800x600
frame_acquired t_us=101600 configured=800x600 texture=800x600
frame_presented t_us=101805 configured=800x600
frame_acquired t_us=101863 configured=800x600 texture=800x600
frame_presented t_us=102068 configured=800x600
frame_acquired t_us=102126 configured=800x600 texture=800x600
frame_presented t_us=102338 configured=800x600
frame_acquired t_us=102393 configured=800x600 texture=800x600
frame_presented t_us=102603 configured=800x600
frame_acquired t_us=102656 configured=800x600 texture=800x600
frame_presented t_us=102865 configured=800x600
frame_acquired t_us=102923 configured=800x600 texture=800x600
frame_presented t_us=103130 configured=800x600
frame_acquired t_us=103188 configured=800x600 texture=800x600
frame_presented t_us=103441 configured=800x600
frame_acquired t_us=103502 configured=800x600 texture=800x600
frame_presented t_us=103720 configured=800x600
frame_acquired t_us=103776 configured=800x600 texture=800x600
frame_presented t_us=103987 configured=800x600
frame_acquired t_us=104042 configured=800x600 texture=800x600
frame_presented t_us=104249 configured=800x600
frame_acquired t_us=104311 configured=800x600 texture=800x600
frame_presented t_us=104519 configured=800x600
frame_acquired t_us=104577 configured=800x600 texture=800x600
frame_presented t_us=104781 configured=800x600
frame_acquired t_us=104844 configured=800x600 texture=800x600
frame_presented t_us=105050 configured=800x600
frame_acquired t_us=105108 configured=800x600 texture=800x600
frame_presented t_us=105318 configured=800x600
frame_acquired t_us=105376 configured=800x600 texture=800x600
frame_presented t_us=105581 configured=800x600
frame_acquired t_us=105639 configured=800x600 texture=800x600
frame_presented t_us=105843 configured=800x600
frame_acquired t_us=105900 configured=800x600 texture=800x600
frame_presented t_us=106103 configured=800x600
frame_acquired t_us=106161 configured=800x600 texture=800x600
frame_presented t_us=106369 configured=800x600
frame_acquired t_us=106427 configured=800x600 texture=800x600
frame_presented t_us=106635 configured=800x600
frame_acquired t_us=106694 configured=800x600 texture=800x600
frame_presented t_us=106897 configured=800x600
frame_acquired t_us=106954 configured=800x600 texture=800x600
frame_presented t_us=107157 configured=800x600
frame_acquired t_us=107215 configured=800x600 texture=800x600
frame_presented t_us=107426 configured=800x600
frame_acquired t_us=107484 configured=800x600 texture=800x600
frame_presented t_us=107687 configured=800x600
frame_acquired t_us=107745 configured=800x600 texture=800x600
frame_presented t_us=107949 configured=800x600
frame_acquired t_us=108007 configured=800x600 texture=800x600
frame_presented t_us=108210 configured=800x600
frame_acquired t_us=108268 configured=800x600 texture=800x600
frame_presented t_us=108479 configured=800x600
frame_acquired t_us=108538 configured=800x600 texture=800x600
frame_presented t_us=108746 configured=800x600
frame_acquired t_us=108804 configured=800x600 texture=800x600
frame_presented t_us=109009 configured=800x600
frame_acquired t_us=109067 configured=800x600 texture=800x600
frame_presented t_us=109272 configured=800x600
frame_acquired t_us=109335 configured=800x600 texture=800x600
frame_presented t_us=109543 configured=800x600
frame_acquired t_us=109602 configured=800x600 texture=800x600
frame_presented t_us=109807 configured=800x600
frame_acquired t_us=109865 configured=800x600 texture=800x600
frame_presented t_us=110070 configured=800x600
frame_acquired t_us=110128 configured=800x600 texture=800x600
frame_presented t_us=110336 configured=800x600
frame_acquired t_us=110394 configured=800x600 texture=800x600
frame_presented t_us=110598 configured=800x600
frame_acquired t_us=110656 configured=800x600 texture=800x600
frame_presented t_us=110861 configured=800x600
frame_acquired t_us=110919 configured=800x600 texture=800x600
frame_presented t_us=111123 configured=800x600
frame_acquired t_us=111180 configured=800x600 texture=800x600
frame_presented t_us=111394 configured=800x600
frame_acquired t_us=111449 configured=800x600 texture=800x600
frame_presented t_us=111662 configured=800x600
frame_acquired t_us=111716 configured=800x600 texture=800x600
frame_presented t_us=111922 configured=800x600
frame_acquired t_us=111975 configured=800x600 texture=800x600
frame_presented t_us=112179 configured=800x600
frame_acquired t_us=112525 configured=800x600 texture=800x600
frame_presented t_us=112815 configured=800x600
frame_acquired t_us=112879 configured=800x600 texture=800x600
frame_presented t_us=113103 configured=800x600
frame_acquired t_us=113166 configured=800x600 texture=800x600
frame_presented t_us=113411 configured=800x600
frame_acquired t_us=113472 configured=800x600 texture=800x600
frame_presented t_us=113683 configured=800x600
frame_acquired t_us=113741 configured=800x600 texture=800x600
frame_presented t_us=113948 configured=800x600
frame_acquired t_us=114006 configured=800x600 texture=800x600
frame_presented t_us=114212 configured=800x600
frame_acquired t_us=114269 configured=800x600 texture=800x600
frame_presented t_us=114478 configured=800x600
frame_acquired t_us=114536 configured=800x600 texture=800x600
frame_presented t_us=114744 configured=800x600
frame_acquired t_us=114802 configured=800x600 texture=800x600
frame_presented t_us=115005 configured=800x600
frame_acquired t_us=115062 configured=800x600 texture=800x600
frame_presented t_us=115272 configured=800x600
frame_acquired t_us=115335 configured=800x600 texture=800x600
frame_presented t_us=115542 configured=800x600
frame_acquired t_us=115600 configured=800x600 texture=800x600
frame_presented t_us=115803 configured=800x600
frame_acquired t_us=115861 configured=800x600 texture=800x600
frame_presented t_us=116064 configured=800x600
frame_acquired t_us=116122 configured=800x600 texture=800x600
frame_presented t_us=116333 configured=800x600
frame_acquired t_us=116392 configured=800x600 texture=800x600
frame_presented t_us=116600 configured=800x600
frame_acquired t_us=116658 configured=800x600 texture=800x600
frame_presented t_us=116863 configured=800x600
frame_acquired t_us=116916 configured=800x600 texture=800x600
frame_presented t_us=117122 configured=800x600
frame_acquired t_us=117179 configured=800x600 texture=800x600
frame_presented t_us=117390 configured=800x600
frame_acquired t_us=117447 configured=800x600 texture=800x600
frame_presented t_us=117650 configured=800x600
frame_acquired t_us=117707 configured=800x600 texture=800x600
frame_presented t_us=117911 configured=800x600
frame_acquired t_us=117968 configured=800x600 texture=800x600
frame_presented t_us=118177 configured=800x600
frame_acquired t_us=118235 configured=800x600 texture=800x600
frame_presented t_us=118451 configured=800x600
frame_acquired t_us=118509 configured=800x600 texture=800x600
frame_presented t_us=118717 configured=800x600
frame_acquired t_us=118775 configured=800x600 texture=800x600
frame_presented t_us=118985 configured=800x600
frame_acquired t_us=119042 configured=800x600 texture=800x600
frame_presented t_us=119245 configured=800x600
frame_acquired t_us=119307 configured=800x600 texture=800x600
frame_presented t_us=119512 configured=800x600
frame_acquired t_us=119570 configured=800x600 texture=800x600
frame_presented t_us=119772 configured=800x600
frame_acquired t_us=119829 configured=800x600 texture=800x600
frame_presented t_us=120033 configured=800x600
frame_acquired t_us=120086 configured=800x600 texture=800x600
frame_presented t_us=120308 configured=800x600
frame_acquired t_us=120363 configured=800x600 texture=800x600
frame_presented t_us=120572 configured=800x600
frame_acquired t_us=120628 configured=800x600 texture=800x600
frame_presented t_us=120831 configured=800x600
frame_acquired t_us=120888 configured=800x600 texture=800x600
frame_presented t_us=121091 configured=800x600
frame_acquired t_us=121148 configured=800x600 texture=800x600
frame_presented t_us=121368 configured=800x600
frame_acquired t_us=121426 configured=800x600 texture=800x600
frame_presented t_us=121630 configured=800x600
frame_acquired t_us=121688 configured=800x600 texture=800x600
frame_presented t_us=121889 configured=800x600
frame_acquired t_us=121946 configured=800x600 texture=800x600
frame_presented t_us=122149 configured=800x600
frame_acquired t_us=122207 configured=800x600 texture=800x600
frame_presented t_us=122414 configured=800x600
frame_acquired t_us=122471 configured=800x600 texture=800x600
frame_presented t_us=122674 configured=800x600
frame_acquired t_us=122731 configured=800x600 texture=800x600
frame_presented t_us=122933 configured=800x600
frame_acquired t_us=122991 configured=800x600 texture=800x600
frame_presented t_us=123193 configured=800x600
frame_acquired t_us=123251 configured=800x600 texture=800x600
frame_presented t_us=123461 configured=800x600
frame_acquired t_us=123524 configured=800x600 texture=800x600
frame_presented t_us=123728 configured=800x600
frame_acquired t_us=123786 configured=800x600 texture=800x600
frame_presented t_us=123989 configured=800x600
frame_acquired t_us=124047 configured=800x600 texture=800x600
frame_presented t_us=124249 configured=800x600
frame_acquired t_us=124311 configured=800x600 texture=800x600
frame_presented t_us=124515 configured=800x600
frame_acquired t_us=124572 configured=800x600 texture=800x600
frame_presented t_us=124775 configured=800x600
frame_acquired t_us=124832 configured=800x600 texture=800x600
frame_presented t_us=125037 configured=800x600
frame_acquired t_us=125095 configured=800x600 texture=800x600
frame_presented t_us=125311 configured=800x600
frame_acquired t_us=125370 configured=800x600 texture=800x600
frame_presented t_us=125576 configured=800x600
frame_acquired t_us=125634 configured=800x600 texture=800x600
frame_presented t_us=125838 configured=800x600
frame_acquired t_us=125896 configured=800x600 texture=800x600
frame_presented t_us=126101 configured=800x600
frame_acquired t_us=126158 configured=800x600 texture=800x600
frame_presented t_us=126368 configured=800x600
frame_acquired t_us=126425 configured=800x600 texture=800x600
frame_presented t_us=126631 configured=800x600
frame_acquired t_us=126683 configured=800x600 texture=800x600
frame_presented t_us=126887 configured=800x600
frame_acquired t_us=126944 configured=800x600 texture=800x600
frame_presented t_us=127148 configured=800x600
frame_acquired t_us=127206 configured=800x600 texture=800x600
frame_presented t_us=127418 configured=800x600
frame_acquired t_us=127477 configured=800x600 texture=800x600
frame_presented t_us=127681 configured=800x600
frame_acquired t_us=127738 configured=800x600 texture=800x600
frame_presented t_us=127942 configured=800x600
frame_acquired t_us=127999 configured=800x600 texture=800x600
frame_presented t_us=128201 configured=800x600
frame_acquired t_us=128258 configured=800x600 texture=800x600
frame_presented t_us=128503 configured=800x600
frame_acquired t_us=128560 configured=800x600 texture=800x600
frame_presented t_us=128771 configured=800x600
frame_acquired t_us=128825 configured=800x600 texture=800x600
frame_presented t_us=129035 configured=800x600
frame_acquired t_us=129090 configured=800x600 texture=800x600
frame_presented t_us=129297 configured=800x600
frame_acquired t_us=129356 configured=800x600 texture=800x600
frame_presented t_us=129571 configured=800x600
frame_acquired t_us=129629 configured=800x600 texture=800x600
frame_presented t_us=129834 configured=800x600
frame_acquired t_us=129891 configured=800x600 texture=800x600
frame_presented t_us=130094 configured=800x600
frame_acquired t_us=130152 configured=800x600 texture=800x600
frame_presented t_us=130362 configured=800x600
frame_acquired t_us=130420 configured=800x600 texture=800x600
frame_presented t_us=130622 configured=800x600
frame_acquired t_us=130680 configured=800x600 texture=800x600
frame_presented t_us=130883 configured=800x600
frame_acquired t_us=130940 configured=800x600 texture=800x600
frame_presented t_us=131143 configured=800x600
frame_acquired t_us=131200 configured=800x600 texture=800x600
frame_presented t_us=131411 configured=800x600
frame_acquired t_us=131469 configured=800x600 texture=800x600
frame_presented t_us=131673 configured=800x600
frame_acquired t_us=131731 configured=800x600 texture=800x600
frame_presented t_us=131938 configured=800x600
frame_acquired t_us=131995 configured=800x600 texture=800x600
frame_presented t_us=132199 configured=800x600
frame_acquired t_us=132256 configured=800x600 texture=800x600
frame_presented t_us=132485 configured=800x600
frame_acquired t_us=132542 configured=800x600 texture=800x600
frame_presented t_us=132746 configured=800x600
frame_acquired t_us=132803 configured=800x600 texture=800x600
frame_presented t_us=133006 configured=800x600
frame_acquired t_us=133063 configured=800x600 texture=800x600
frame_presented t_us=133268 configured=800x600
frame_acquired t_us=133330 configured=800x600 texture=800x600
frame_presented t_us=133539 configured=800x600
frame_acquired t_us=133596 configured=800x600 texture=800x600
frame_presented t_us=133801 configured=800x600
frame_acquired t_us=133858 configured=800x600 texture=800x600
frame_presented t_us=134061 configured=800x600
frame_acquired t_us=134118 configured=800x600 texture=800x600
frame_presented t_us=134326 configured=800x600
frame_acquired t_us=134384 configured=800x600 texture=800x600
frame_presented t_us=134588 configured=800x600
frame_acquired t_us=134646 configured=800x600 texture=800x600
frame_presented t_us=134849 configured=800x600
frame_acquired t_us=134907 configured=800x600 texture=800x600
frame_presented t_us=135113 configured=800x600
frame_acquired t_us=135169 configured=800x600 texture=800x600
frame_presented t_us=135382 configured=800x600
frame_acquired t_us=135440 configured=800x600 texture=800x600
frame_presented t_us=135646 configured=800x600
frame_acquired t_us=135704 configured=800x600 texture=800x600
frame_presented t_us=135909 configured=800x600
frame_acquired t_us=135966 configured=800x600 texture=800x600
frame_presented t_us=136169 configured=800x600
frame_acquired t_us=136227 configured=800x600 texture=800x600
frame_presented t_us=136436 configured=800x600
frame_acquired t_us=136494 configured=800x600 texture=800x600
frame_presented t_us=136700 configured=800x600
frame_acquired t_us=136758 configured=800x600 texture=800x600
frame_presented t_us=136965 configured=800x600
frame_acquired t_us=137023 configured=800x600 texture=800x600
frame_presented t_us=137231 configured=800x600
frame_acquired t_us=137310 configured=800x600 texture=800x600
frame_presented t_us=137533 configured=800x600
frame_acquired t_us=137593 configured=800x600 texture=800x600
frame_presented t_us=137803 configured=800x600
frame_acquired t_us=137860 configured=800x600 texture=800x600
frame_presented t_us=138065 configured=800x600
frame_acquired t_us=138123 configured=800x600 texture=800x600
frame_presented t_us=138334 configured=800x600
frame_acquired t_us=138393 configured=800x600 texture=800x600
frame_presented t_us=138596 configured=800x600
frame_acquired t_us=138654 configured=800x600 texture=800x600
frame_presented t_us=138857 configured=800x600
frame_acquired t_us=138914 configured=800x600 texture=800x600
frame_presented t_us=139117 configured=800x600
frame_acquired t_us=139174 configured=800x600 texture=800x600
frame_presented t_us=139382 configured=800x600
frame_acquired t_us=139439 configured=800x600 texture=800x600
frame_presented t_us=139642 configured=800x600
frame_acquired t_us=139699 configured=800x600 texture=800x600
frame_presented t_us=139906 configured=800x600
frame_acquired t_us=139964 configured=800x600 texture=800x600
frame_presented t_us=140166 configured=800x600
frame_acquired t_us=140223 configured=800x600 texture=800x600
frame_presented t_us=140431 configured=800x600
frame_acquired t_us=140488 configured=800x600 texture=800x600
frame_presented t_us=140690 configured=800x600
frame_acquired t_us=140747 configured=800x600 texture=800x600
frame_presented t_us=140950 configured=800x600
frame_acquired t_us=141007 configured=800x600 texture=800x600
frame_presented t_us=141210 configured=800x600
frame_acquired t_us=141267 configured=800x600 texture=800x600
frame_presented t_us=141482 configured=800x600
frame_acquired t_us=141536 configured=800x600 texture=800x600
frame_presented t_us=141744 configured=800x600
frame_acquired t_us=141801 configured=800x600 texture=800x600
frame_presented t_us=142015 configured=800x600
frame_acquired t_us=142073 configured=800x600 texture=800x600
frame_presented t_us=142285 configured=800x600
frame_acquired t_us=142343 configured=800x600 texture=800x600
frame_presented t_us=142548 configured=800x600
frame_acquired t_us=142606 configured=800x600 texture=800x600
frame_presented t_us=142808 configured=800x600
frame_acquired t_us=142865 configured=800x600 texture=800x600
frame_presented t_us=143067 configured=800x600
frame_acquired t_us=143124 configured=800x600 texture=800x600
frame_presented t_us=143332 configured=800x600
frame_acquired t_us=143390 configured=800x600 texture=800x600
frame_presented t_us=143593 configured=800x600
frame_acquired t_us=143650 configured=800x600 texture=800x600
frame_presented t_us=143852 configured=800x600
frame_acquired t_us=143909 configured=800x600 texture=800x600
frame_presented t_us=144112 configured=800x600
frame_acquired t_us=144165 configured=800x600 texture=800x600
frame_presented t_us=144374 configured=800x600
frame_acquired t_us=144430 configured=800x600 texture=800x600
frame_presented t_us=144633 configured=800x600
frame_acquired t_us=144690 configured=800x600 texture=800x600
frame_presented t_us=144895 configured=800x600
frame_acquired t_us=144952 configured=800x600 texture=800x600
frame_presented t_us=145169 configured=800x600
frame_acquired t_us=145223 configured=800x600 texture=800x600
frame_presented t_us=145454 configured=800x600
frame_acquired t_us=145512 configured=800x600 texture=800x600
frame_presented t_us=145718 configured=800x600
frame_acquired t_us=145776 configured=800x600 texture=800x600
frame_presented t_us=145979 configured=800x600
frame_acquired t_us=146036 configured=800x600 texture=800x600
frame_presented t_us=146243 configured=800x600
frame_acquired t_us=146305 configured=800x600 texture=800x600
frame_presented t_us=146510 configured=800x600
frame_acquired t_us=146567 configured=800x600 texture=800x600
frame_presented t_us=146770 configured=800x600
frame_acquired t_us=146827 configured=800x600 texture=800x600
frame_presented t_us=147029 configured=800x600
frame_acquired t_us=147086 configured=800x600 texture=800x600
frame_presented t_us=147293 configured=800x600
frame_acquired t_us=147351 configured=800x600 texture=800x600
frame_presented t_us=147554 configured=800x600
frame_acquired t_us=147611 configured=800x600 texture=800x600
frame_presented t_us=147817 configured=800x600
frame_acquired t_us=147874 configured=800x600 texture=800x600
frame_presented t_us=148076 configured=800x600
frame_acquired t_us=148134 configured=800x600 texture=800x600
frame_presented t_us=148341 configured=800x600
frame_acquired t_us=148398 configured=800x600 texture=800x600
frame_presented t_us=148602 configured=800x600
frame_acquired t_us=148659 configured=800x600 texture=800x600
frame_presented t_us=148861 configured=800x600
frame_acquired t_us=148919 configured=800x600 texture=800x600
frame_presented t_us=149121 configured=800x600
frame_acquired t_us=149180 configured=800x600 texture=800x600
frame_presented t_us=149395 configured=800x600
frame_acquired t_us=149455 configured=800x600 texture=800x600
frame_presented t_us=149659 configured=800x600
frame_acquired t_us=149717 configured=800x600 texture=800x600
frame_presented t_us=149921 configured=800x600
frame_acquired t_us=149978 configured=800x600 texture=800x600
frame_presented t_us=150181 configured=800x600
frame_acquired t_us=150238 configured=800x600 texture=800x600
frame_presented t_us=150449 configured=800x600
frame_acquired t_us=150507 configured=800x600 texture=800x600
frame_presented t_us=150711 configured=800x600
frame_acquired t_us=150769 configured=800x600 texture=800x600
frame_presented t_us=150972 configured=800x600
frame_acquired t_us=151029 configured=800x600 texture=800x600
frame_presented t_us=151230 configured=800x600
frame_acquired t_us=151293 configured=800x600 texture=800x600
frame_presented t_us=151500 configured=800x600
frame_acquired t_us=151557 configured=800x600 texture=800x600
frame_presented t_us=151761 configured=800x600
frame_acquired t_us=151818 configured=800x600 texture=800x600
frame_presented t_us=152021 configured=800x600
frame_acquired t_us=152078 configured=800x600 texture=800x600
frame_presented t_us=152284 configured=800x600
frame_acquired t_us=152342 configured=800x600 texture=800x600
frame_presented t_us=152548 configured=800x600
frame_acquired t_us=152601 configured=800x600 texture=800x600
frame_presented t_us=152808 configured=800x600
frame_acquired t_us=152864 configured=800x600 texture=800x600
frame_presented t_us=153069 configured=800x600
frame_acquired t_us=153125 configured=800x600 texture=800x600
frame_presented t_us=153339 configured=800x600
frame_acquired t_us=153401 configured=800x600 texture=800x600
frame_presented t_us=153618 configured=800x600
frame_acquired t_us=153674 configured=800x600 texture=800x600
frame_presented t_us=153882 configured=800x600
frame_acquired t_us=153940 configured=800x600 texture=800x600
frame_presented t_us=154145 configured=800x600
frame_acquired t_us=154202 configured=800x600 texture=800x600
frame_presented t_us=154412 configured=800x600
frame_acquired t_us=154470 configured=800x600 texture=800x600
frame_presented t_us=154672 configured=800x600
frame_acquired t_us=154729 configured=800x600 texture=800x600
frame_presented t_us=154932 configured=800x600
frame_acquired t_us=154997 configured=800x600 texture=800x600
frame_presented t_us=155201 configured=800x600
frame_acquired t_us=155258 configured=800x600 texture=800x600
frame_presented t_us=155484 configured=800x600
frame_acquired t_us=155542 configured=800x600 texture=800x600
frame_presented t_us=155745 configured=800x600
frame_acquired t_us=155802 configured=800x600 texture=800x600
frame_presented t_us=156005 configured=800x600
frame_acquired t_us=156062 configured=800x600 texture=800x600
frame_presented t_us=156263 configured=800x600
frame_acquired t_us=156324 configured=800x600 texture=800x600
frame_presented t_us=156532 configured=800x600
frame_acquired t_us=156589 configured=800x600 texture=800x600
frame_presented t_us=156792 configured=800x600
frame_acquired t_us=156849 configured=800x600 texture=800x600
frame_presented t_us=157050 configured=800x600
frame_acquired t_us=157108 configured=800x600 texture=800x600
frame_presented t_us=157317 configured=800x600
frame_acquired t_us=157375 configured=800x600 texture=800x600
frame_presented t_us=157578 configured=800x600
frame_acquired t_us=157635 configured=800x600 texture=800x600
frame_presented t_us=157836 configured=800x600
frame_acquired t_us=157893 configured=800x600 texture=800x600
frame_presented t_us=158101 configured=800x600
frame_acquired t_us=158160 configured=800x600 texture=800x600
frame_presented t_us=158373 configured=800x600
frame_acquired t_us=158431 configured=800x600 texture=800x600
frame_presented t_us=158637 configured=800x600
frame_acquired t_us=158695 configured=800x600 texture=800x600
frame_presented t_us=158899 configured=800x600
frame_acquired t_us=158956 configured=800x600 texture=800x600
frame_presented t_us=159159 configured=800x600
frame_acquired t_us=159216 configured=800x600 texture=800x600
frame_presented t_us=159433 configured=800x600
frame_acquired t_us=159491 configured=800x600 texture=800x600
frame_presented t_us=159693 configured=800x600
frame_acquired t_us=159750 configured=800x600 texture=800x600
frame_presented t_us=159953 configured=800x600
frame_acquired t_us=160010 configured=800x600 texture=800x600
frame_presented t_us=160212 configured=800x600
frame_acquired t_us=160269 configured=800x600 texture=800x600
frame_presented t_us=160478 configured=800x600
frame_acquired t_us=160535 configured=800x600 texture=800x600
frame_presented t_us=160737 configured=800x600
frame_acquired t_us=160795 configured=800x600 texture=800x600
frame_presented t_us=160997 configured=800x600
frame_acquired t_us=161054 configured=800x600 texture=800x600
frame_presented t_us=161256 configured=800x600
frame_acquired t_us=161317 configured=800x600 texture=800x600
frame_presented t_us=161521 configured=800x600
frame_acquired t_us=161577 configured=800x600 texture=800x600
frame_presented t_us=161783 configured=800x600
frame_acquired t_us=161837 configured=800x600 texture=800x600
frame_presented t_us=162048 configured=800x600
frame_acquired t_us=162102 configured=800x600 texture=800x600
frame_presented t_us=162315 configured=800x600
frame_acquired t_us=162372 configured=800x600 texture=800x600
frame_presented t_us=162578 configured=800x600
frame_acquired t_us=162636 configured=800x600 texture=800x600
frame_presented t_us=162839 configured=800x600
frame_acquired t_us=162897 configured=800x600 texture=800x600
frame_presented t_us=163105 configured=800x600
frame_acquired t_us=163162 configured=800x600 texture=800x600
frame_presented t_us=163391 configured=800x600
frame_acquired t_us=163449 configured=800x600 texture=800x600
frame_presented t_us=163652 configured=800x600
frame_acquired t_us=163710 configured=800x600 texture=800x600
frame_presented t_us=163913 configured=800x600
frame_acquired t_us=163970 configured=800x600 texture=800x600
frame_presented t_us=164173 configured=800x600
frame_acquired t_us=164230 configured=800x600 texture=800x600
frame_presented t_us=164438 configured=800x600
frame_acquired t_us=164496 configured=800x600 texture=800x600
frame_presented t_us=164702 configured=800x600
frame_acquired t_us=164759 configured=800x600 texture=800x600
frame_presented t_us=164967 configured=800x600
frame_acquired t_us=165025 configured=800x600 texture=800x600
frame_presented t_us=165227 configured=800x600
frame_acquired t_us=165289 configured=800x600 texture=800x600
frame_presented t_us=165493 configured=800x600
frame_acquired t_us=165545 configured=800x600 texture=800x600
frame_presented t_us=165749 configured=800x600
frame_acquired t_us=165805 configured=800x600 texture=800x600
frame_presented t_us=166009 configured=800x600
frame_acquired t_us=166066 configured=800x600 texture=800x600
frame_presented t_us=166273 configured=800x600
frame_acquired t_us=166338 configured=800x600 texture=800x600
frame_presented t_us=166557 configured=800x600
frame_acquired t_us=166616 configured=800x600 texture=800x600
frame_presented t_us=166825 configured=800x600
frame_acquired t_us=166884 configured=800x600 texture=800x600
frame_presented t_us=167094 configured=800x600
frame_acquired t_us=167152 configured=800x600 texture=800x600
frame_presented t_us=167378 configured=800x600
frame_acquired t_us=167437 configured=800x600 texture=800x600
frame_presented t_us=167650 configured=800x600
frame_acquired t_us=167705 configured=800x600 texture=800x600
frame_presented t_us=167919 configured=800x600
frame_acquired t_us=167977 configured=800x600 texture=800x600
frame_presented t_us=168189 configured=800x600
frame_acquired t_us=168245 configured=800x600 texture=800x600
frame_presented t_us=168461 configured=800x600
frame_acquired t_us=168515 configured=800x600 texture=800x600
frame_presented t_us=168723 configured=800x600
frame_acquired t_us=168777 configured=800x600 texture=800x600
frame_presented t_us=168984 configured=800x600
frame_acquired t_us=169038 configured=800x600 texture=800x600
frame_presented t_us=169244 configured=800x600
frame_acquired t_us=169305 configured=800x600 texture=800x600
frame_presented t_us=169513 configured=800x600
frame_acquired t_us=169568 configured=800x600 texture=800x600
frame_presented t_us=169775 configured=800x600
frame_acquired t_us=169830 configured=800x600 texture=800x600
frame_presented t_us=170039 configured=800x600
frame_acquired t_us=170093 configured=800x600 texture=800x600
frame_presented t_us=170308 configured=800x600
frame_acquired t_us=170363 configured=800x600 texture=800x600
frame_presented t_us=170576 configured=800x600
frame_acquired t_us=170630 configured=800x600 texture=800x600
frame_presented t_us=170835 configured=800x600
frame_acquired t_us=170888 configured=800x600 texture=800x600
frame_presented t_us=171093 configured=800x600
frame_acquired t_us=171147 configured=800x600 texture=800x600
frame_presented t_us=171359 configured=800x600
frame_acquired t_us=171413 configured=800x600 texture=800x600
frame_presented t_us=171620 configured=800x600
frame_acquired t_us=171675 configured=800x600 texture=800x600
frame_presented t_us=171880 configured=800x600
frame_acquired t_us=171934 configured=800x600 texture=800x600
frame_presented t_us=172141 configured=800x600
frame_acquired t_us=172195 configured=800x600 texture=800x600
frame_presented t_us=172406 configured=800x600
frame_acquired t_us=172460 configured=800x600 texture=800x600
frame_presented t_us=172665 configured=800x600
frame_acquired t_us=172719 configured=800x600 texture=800x600
frame_presented t_us=172923 configured=800x600
frame_acquired t_us=172976 configured=800x600 texture=800x600
frame_presented t_us=173180 configured=800x600
frame_acquired t_us=173234 configured=800x600 texture=800x600
frame_presented t_us=173453 configured=800x600
frame_acquired t_us=173507 configured=800x600 texture=800x600
frame_presented t_us=173712 configured=800x600
frame_acquired t_us=173766 configured=800x600 texture=800x600
frame_presented t_us=173970 configured=800x600
frame_acquired t_us=174024 configured=800x600 texture=800x600
frame_presented t_us=174227 configured=800x600
frame_acquired t_us=174285 configured=800x600 texture=800x600
frame_presented t_us=174492 configured=800x600
frame_acquired t_us=174546 configured=800x600 texture=800x600
frame_presented t_us=174751 configured=800x600
frame_acquired t_us=174809 configured=800x600 texture=800x600
frame_presented t_us=175015 configured=800x600
frame_acquired t_us=175068 configured=800x600 texture=800x600
frame_presented t_us=175272 configured=800x600
frame_acquired t_us=175331 configured=800x600 texture=800x600
frame_presented t_us=175537 configured=800x600
frame_acquired t_us=175591 configured=800x600 texture=800x600
frame_presented t_us=175796 configured=800x600
frame_acquired t_us=175849 configured=800x600 texture=800x600
frame_presented t_us=176054 configured=800x600
frame_acquired t_us=176108 configured=800x600 texture=800x600
frame_presented t_us=176319 configured=800x600
frame_acquired t_us=176373 configured=800x600 texture=800x600
frame_presented t_us=176578 configured=800x600
frame_acquired t_us=176632 configured=800x600 texture=800x600
frame_presented t_us=176836 configured=800x600
frame_acquired t_us=176890 configured=800x600 texture=800x600
frame_presented t_us=177094 configured=800x600
frame_acquired t_us=177148 configured=800x600 texture=800x600
frame_presented t_us=177358 configured=800x600
frame_acquired t_us=177412 configured=800x600 texture=800x600
frame_presented t_us=177618 configured=800x600
frame_acquired t_us=177671 configured=800x600 texture=800x600
frame_presented t_us=177876 configured=800x600
frame_acquired t_us=177929 configured=800x600 texture=800x600
frame_presented t_us=178133 configured=800x600
frame_acquired t_us=178186 configured=800x600 texture=800x600
frame_presented t_us=178405 configured=800x600
frame_acquired t_us=178459 configured=800x600 texture=800x600
frame_presented t_us=178662 configured=800x600
frame_acquired t_us=178715 configured=800x600 texture=800x600
frame_presented t_us=178914 configured=800x600
frame_acquired t_us=179168 configured=800x600 texture=800x600
frame_presented t_us=179390 configured=800x600
frame_acquired t_us=179447 configured=800x600 texture=800x600
frame_presented t_us=179658 configured=800x600
frame_acquired t_us=179713 configured=800x600 texture=800x600
frame_presented t_us=179919 configured=800x600
frame_acquired t_us=179973 configured=800x600 texture=800x600
frame_presented t_us=180178 configured=800x600
frame_acquired t_us=180232 configured=800x600 texture=800x600
frame_presented t_us=180441 configured=800x600
frame_acquired t_us=180494 configured=800x600 texture=800x600
frame_presented t_us=180698 configured=800x600
frame_acquired t_us=180751 configured=800x600 texture=800x600
frame_presented t_us=180955 configured=800x600
frame_acquired t_us=181008 configured=800x600 texture=800x600
frame_presented t_us=181213 configured=800x600
frame_acquired t_us=181266 configured=800x600 texture=800x600
frame_presented t_us=181475 configured=800x600
frame_acquired t_us=181528 configured=800x600 texture=800x600
frame_presented t_us=181733 configured=800x600
frame_acquired t_us=181786 configured=800x600 texture=800x600
frame_presented t_us=181990 configured=800x600
frame_acquired t_us=182043 configured=800x600 texture=800x600
frame_presented t_us=182247 configured=800x600
frame_acquired t_us=182303 configured=800x600 texture=800x600
frame_presented t_us=182507 configured=800x600
frame_acquired t_us=182560 configured=800x600 texture=800x600
frame_presented t_us=182764 configured=800x600
frame_acquired t_us=182816 configured=800x600 texture=800x600
frame_presented t_us=183020 configured=800x600
frame_acquired t_us=183072 configured=800x600 texture=800x600
frame_presented t_us=183280 configured=800x600
frame_acquired t_us=183333 configured=800x600 texture=800x600
frame_presented t_us=183539 configured=800x600
frame_acquired t_us=183592 configured=800x600 texture=800x600
frame_presented t_us=183795 configured=800x600
frame_acquired t_us=183848 configured=800x600 texture=800x600
frame_presented t_us=184051 configured=800x600
frame_acquired t_us=184104 configured=800x600 texture=800x600
frame_presented t_us=184313 configured=800x600
frame_acquired t_us=184367 configured=800x600 texture=800x600
frame_presented t_us=184571 configured=800x600
frame_acquired t_us=184624 configured=800x600 texture=800x600
frame_presented t_us=184835 configured=800x600
frame_acquired t_us=184888 configured=800x600 texture=800x600
frame_presented t_us=185091 configured=800x600
frame_acquired t_us=185144 configured=800x600 texture=800x600
frame_presented t_us=185353 configured=800x600
frame_acquired t_us=185405 configured=800x600 texture=800x600
frame_presented t_us=185608 configured=800x600
frame_acquired t_us=185661 configured=800x600 texture=800x600
frame_presented t_us=185864 configured=800x600
frame_acquired t_us=185916 configured=800x600 texture=800x600
frame_presented t_us=186120 configured=800x600
frame_acquired t_us=186173 configured=800x600 texture=800x600
frame_presented t_us=186381 configured=800x600
frame_acquired t_us=186434 configured=800x600 texture=800x600
frame_presented t_us=186639 configured=800x600
frame_acquired t_us=186693 configured=800x600 texture=800x600
frame_presented t_us=186898 configured=800x600
frame_acquired t_us=186951 configured=800x600 texture=800x600
frame_presented t_us=187158 configured=800x600
frame_acquired t_us=187212 configured=800x600 texture=800x600
frame_presented t_us=187454 configured=800x600
frame_acquired t_us=187510 configured=800x600 texture=800x600
frame_presented t_us=187721 configured=800x600
frame_acquired t_us=187775 configured=800x600 texture=800x600
frame_presented t_us=187981 configured=800x600
frame_acquired t_us=188034 configured=800x600 texture=800x600
frame_presented t_us=188239 configured=800x600
frame_acquired t_us=188297 configured=800x600 texture=800x600
frame_presented t_us=188504 configured=800x600
frame_acquired t_us=188557 configured=800x600 texture=800x600
frame_presented t_us=188763 configured=800x600
frame_acquired t_us=188816 configured=800x600 texture=800x600
frame_presented t_us=189021 configured=800x600
frame_acquired t_us=189074 configured=800x600 texture=800x600
frame_presented t_us=189281 configured=800x600
frame_acquired t_us=189334 configured=800x600 texture=800x600
frame_presented t_us=189540 configured=800x600
frame_acquired t_us=189593 configured=800x600 texture=800x600
frame_presented t_us=189797 configured=800x600
frame_acquired t_us=189850 configured=800x600 texture=800x600
frame_presented t_us=190053 configured=800x600
frame_acquired t_us=190105 configured=800x600 texture=800x600
frame_presented t_us=190315 configured=800x600
frame_acquired t_us=190368 configured=800x600 texture=800x600
frame_presented t_us=190572 configured=800x600
frame_acquired t_us=190625 configured=800x600 texture=800x600
frame_presented t_us=190828 configured=800x600
frame_acquired t_us=190881 configured=800x600 texture=800x600
frame_presented t_us=191086 configured=800x600
frame_acquired t_us=191139 configured=800x600 texture=800x600
frame_presented t_us=191348 configured=800x600
frame_acquired t_us=191401 configured=800x600 texture=800x600
frame_presented t_us=191606 configured=800x600
frame_acquired t_us=191658 configured=800x600 texture=800x600
frame_presented t_us=191862 configured=800x600
frame_acquired t_us=191915 configured=800x600 texture=800x600
frame_presented t_us=192118 configured=800x600
frame_acquired t_us=192170 configured=800x600 texture=800x600
frame_presented t_us=192379 configured=800x600
frame_acquired t_us=192432 configured=800x600 texture=800x600
frame_presented t_us=192634 configured=800x600
frame_acquired t_us=192687 configured=800x600 texture=800x600
frame_presented t_us=192890 configured=800x600
frame_acquired t_us=192943 configured=800x600 texture=800x600
frame_presented t_us=193147 configured=800x600
frame_acquired t_us=193200 configured=800x600 texture=800x600
frame_presented t_us=193408 configured=800x600
frame_acquired t_us=193461 configured=800x600 texture=800x600
frame_presented t_us=193664 configured=800x600
frame_acquired t_us=193717 configured=800x600 texture=800x600
frame_presented t_us=193925 configured=800x600
frame_acquired t_us=193978 configured=800x600 texture=800x600
frame_presented t_us=194181 configured=800x600
frame_acquired t_us=194234 configured=800x600 texture=800x600
frame_presented t_us=194444 configured=800x600
frame_acquired t_us=194497 configured=800x600 texture=800x600
frame_presented t_us=194706 configured=800x600
frame_acquired t_us=194760 configured=800x600 texture=800x600
frame_presented t_us=194965 configured=800x600
frame_acquired t_us=195018 configured=800x600 texture=800x600
frame_presented t_us=195223 configured=800x600
frame_acquired t_us=195281 configured=800x600 texture=800x600
frame_presented t_us=195491 configured=800x600
frame_acquired t_us=195548 configured=800x600 texture=800x600
frame_presented t_us=195775 configured=800x600
frame_acquired t_us=195830 configured=800x600 texture=800x600
frame_presented t_us=196041 configured=800x600
frame_acquired t_us=196094 configured=800x600 texture=800x600
frame_presented t_us=196324 configured=800x600
frame_acquired t_us=196387 configured=800x600 texture=800x600
frame_presented t_us=196606 configured=800x600
frame_acquired t_us=196659 configured=800x600 texture=800x600
frame_presented t_us=196864 configured=800x600
frame_acquired t_us=196917 configured=800x600 texture=800x600
frame_presented t_us=197122 configured=800x600
frame_acquired t_us=197180 configured=800x600 texture=800x600
frame_presented t_us=197388 configured=800x600
frame_acquired t_us=197441 configured=800x600 texture=800x600
frame_presented t_us=197646 configured=800x600
frame_acquired t_us=197699 configured=800x600 texture=800x600
frame_presented t_us=197902 configured=800x600
frame_acquired t_us=197955 configured=800x600 texture=800x600
frame_presented t_us=198159 configured=800x600
frame_acquired t_us=198212 configured=800x600 texture=800x600
frame_presented t_us=198420 configured=800x600
frame_acquired t_us=198474 configured=800x600 texture=800x600
frame_presented t_us=198683 configured=800x600
frame_acquired t_us=198736 configured=800x600 texture=800x600
frame_presented t_us=198938 configured=800x600
frame_acquired t_us=198991 configured=800x600 texture=800x600
frame_presented t_us=199195 configured=800x600
frame_acquired t_us=199248 configured=800x600 texture=800x600
frame_presented t_us=199458 configured=800x600
frame_acquired t_us=199511 configured=800x600 texture=800x600
frame_presented t_us=199714 configured=800x600
frame_acquired t_us=199767 configured=800x600 texture=800x600
frame_presented t_us=199970 configured=800x600
frame_acquired t_us=200023 configured=800x600 texture=800x600
frame_presented t_us=200231 configured=800x600
frame_acquired t_us=200292 configured=800x600 texture=800x600
frame_presented t_us=200508 configured=800x600
frame_acquired t_us=200562 configured=800x600 texture=800x600
frame_presented t_us=200769 configured=800x600
frame_acquired t_us=200822 configured=800x600 texture=800x600
frame_presented t_us=201027 configured=800x600
frame_acquired t_us=201080 configured=800x600 texture=800x600
frame_presented t_us=201290 configured=800x600
resize_event t_us=1672178 event=1870x1013 configured=800x600 scale=1
surface_configured t_us=1673114 configured=1870x1013
frame_acquired t_us=1674622 configured=1870x1013 texture=1870x1013
frame_presented t_us=1675384 configured=1870x1013
frame_acquired t_us=1675452 configured=1870x1013 texture=1870x1013
frame_presented t_us=1675756 configured=1870x1013
frame_acquired t_us=1675808 configured=1870x1013 texture=1870x1013
frame_presented t_us=1676039 configured=1870x1013
frame_acquired t_us=1676084 configured=1870x1013 texture=1870x1013
frame_presented t_us=1676316 configured=1870x1013
frame_acquired t_us=1676408 configured=1870x1013 texture=1870x1013
frame_presented t_us=1676639 configured=1870x1013
frame_acquired t_us=1676695 configured=1870x1013 texture=1870x1013
frame_presented t_us=1676907 configured=1870x1013
frame_acquired t_us=1677603 configured=1870x1013 texture=1870x1013
frame_presented t_us=1677953 configured=1870x1013
frame_acquired t_us=1678060 configured=1870x1013 texture=1870x1013
frame_presented t_us=1678253 configured=1870x1013
frame_acquired t_us=1678313 configured=1870x1013 texture=1870x1013
frame_presented t_us=1678539 configured=1870x1013
frame_acquired t_us=1678646 configured=1870x1013 texture=1870x1013
frame_presented t_us=1678865 configured=1870x1013
frame_acquired t_us=1678932 configured=1870x1013 texture=1870x1013
frame_presented t_us=1679145 configured=1870x1013
frame_acquired t_us=1679199 configured=1870x1013 texture=1870x1013
frame_presented t_us=1679432 configured=1870x1013
frame_acquired t_us=1679489 configured=1870x1013 texture=1870x1013
frame_presented t_us=1679698 configured=1870x1013
frame_acquired t_us=1679752 configured=1870x1013 texture=1870x1013
frame_presented t_us=1679961 configured=1870x1013
frame_acquired t_us=1680014 configured=1870x1013 texture=1870x1013
frame_presented t_us=1680222 configured=1870x1013
frame_acquired t_us=1680275 configured=1870x1013 texture=1870x1013
frame_presented t_us=1680499 configured=1870x1013
frame_acquired t_us=1680553 configured=1870x1013 texture=1870x1013
frame_presented t_us=1680763 configured=1870x1013
frame_acquired t_us=1680817 configured=1870x1013 texture=1870x1013
frame_presented t_us=1681022 configured=1870x1013
frame_acquired t_us=1681074 configured=1870x1013 texture=1870x1013
frame_presented t_us=1681286 configured=1870x1013
frame_acquired t_us=1681344 configured=1870x1013 texture=1870x1013
frame_presented t_us=1681558 configured=1870x1013
frame_acquired t_us=1681615 configured=1870x1013 texture=1870x1013
frame_presented t_us=1681918 configured=1870x1013
frame_acquired t_us=1681995 configured=1870x1013 texture=1870x1013
frame_presented t_us=1682230 configured=1870x1013
frame_acquired t_us=1682291 configured=1870x1013 texture=1870x1013
frame_presented t_us=1682514 configured=1870x1013
frame_acquired t_us=1682568 configured=1870x1013 texture=1870x1013
frame_presented t_us=1682776 configured=1870x1013
frame_acquired t_us=1682830 configured=1870x1013 texture=1870x1013
frame_presented t_us=1683035 configured=1870x1013
frame_acquired t_us=1683089 configured=1870x1013 texture=1870x1013
frame_presented t_us=1683317 configured=1870x1013
frame_acquired t_us=1683372 configured=1870x1013 texture=1870x1013
frame_presented t_us=1683587 configured=1870x1013
frame_acquired t_us=1683640 configured=1870x1013 texture=1870x1013
frame_presented t_us=1683846 configured=1870x1013
frame_acquired t_us=1683899 configured=1870x1013 texture=1870x1013
frame_presented t_us=1684102 configured=1870x1013
frame_acquired t_us=1684154 configured=1870x1013 texture=1870x1013
frame_presented t_us=1684379 configured=1870x1013
frame_acquired t_us=1684435 configured=1870x1013 texture=1870x1013
frame_presented t_us=1684663 configured=1870x1013
frame_acquired t_us=1684734 configured=1870x1013 texture=1870x1013
frame_presented t_us=1685045 configured=1870x1013
frame_acquired t_us=1685125 configured=1870x1013 texture=1870x1013
frame_presented t_us=1685435 configured=1870x1013
frame_acquired t_us=1685508 configured=1870x1013 texture=1870x1013
frame_presented t_us=1685783 configured=1870x1013
frame_acquired t_us=1685853 configured=1870x1013 texture=1870x1013
frame_presented t_us=1686113 configured=1870x1013
frame_acquired t_us=1686174 configured=1870x1013 texture=1870x1013
frame_presented t_us=1686416 configured=1870x1013
frame_acquired t_us=1686474 configured=1870x1013 texture=1870x1013
frame_presented t_us=1686682 configured=1870x1013
frame_acquired t_us=1686736 configured=1870x1013 texture=1870x1013
frame_presented t_us=1686939 configured=1870x1013
frame_acquired t_us=1686993 configured=1870x1013 texture=1870x1013
frame_presented t_us=1687200 configured=1870x1013
frame_acquired t_us=1687253 configured=1870x1013 texture=1870x1013
frame_presented t_us=1687471 configured=1870x1013
frame_acquired t_us=1687524 configured=1870x1013 texture=1870x1013
frame_presented t_us=1687726 configured=1870x1013
frame_acquired t_us=1687779 configured=1870x1013 texture=1870x1013
frame_presented t_us=1687981 configured=1870x1013
frame_acquired t_us=1688034 configured=1870x1013 texture=1870x1013
frame_presented t_us=1688237 configured=1870x1013
frame_acquired t_us=1688296 configured=1870x1013 texture=1870x1013
frame_presented t_us=1688510 configured=1870x1013
frame_acquired t_us=1688563 configured=1870x1013 texture=1870x1013
frame_presented t_us=1688766 configured=1870x1013
frame_acquired t_us=1688823 configured=1870x1013 texture=1870x1013
frame_presented t_us=1689026 configured=1870x1013
frame_acquired t_us=1689078 configured=1870x1013 texture=1870x1013
frame_presented t_us=1689286 configured=1870x1013
frame_acquired t_us=1689354 configured=1870x1013 texture=1870x1013
frame_presented t_us=1689568 configured=1870x1013
frame_acquired t_us=1689622 configured=1870x1013 texture=1870x1013
frame_presented t_us=1689827 configured=1870x1013
frame_acquired t_us=1689880 configured=1870x1013 texture=1870x1013
frame_presented t_us=1690084 configured=1870x1013
frame_acquired t_us=1690137 configured=1870x1013 texture=1870x1013
frame_presented t_us=1690350 configured=1870x1013
frame_acquired t_us=1690404 configured=1870x1013 texture=1870x1013
frame_presented t_us=1690609 configured=1870x1013
frame_acquired t_us=1690662 configured=1870x1013 texture=1870x1013
frame_presented t_us=1690864 configured=1870x1013
frame_acquired t_us=1690917 configured=1870x1013 texture=1870x1013
frame_presented t_us=1691119 configured=1870x1013
frame_acquired t_us=1691171 configured=1870x1013 texture=1870x1013
frame_presented t_us=1691390 configured=1870x1013
frame_acquired t_us=1691445 configured=1870x1013 texture=1870x1013
frame_presented t_us=1691647 configured=1870x1013
frame_acquired t_us=1691700 configured=1870x1013 texture=1870x1013
frame_presented t_us=1691902 configured=1870x1013
frame_acquired t_us=1691955 configured=1870x1013 texture=1870x1013
frame_presented t_us=1692157 configured=1870x1013
frame_acquired t_us=1692209 configured=1870x1013 texture=1870x1013
frame_presented t_us=1692424 configured=1870x1013
frame_acquired t_us=1692480 configured=1870x1013 texture=1870x1013
frame_presented t_us=1692681 configured=1870x1013
frame_acquired t_us=1692733 configured=1870x1013 texture=1870x1013
frame_presented t_us=1692935 configured=1870x1013
frame_acquired t_us=1692987 configured=1870x1013 texture=1870x1013
frame_presented t_us=1693189 configured=1870x1013
frame_acquired t_us=1693241 configured=1870x1013 texture=1870x1013
frame_presented t_us=1693470 configured=1870x1013
frame_acquired t_us=1693524 configured=1870x1013 texture=1870x1013
frame_presented t_us=1693725 configured=1870x1013
frame_acquired t_us=1693778 configured=1870x1013 texture=1870x1013
frame_presented t_us=1693980 configured=1870x1013
frame_acquired t_us=1694033 configured=1870x1013 texture=1870x1013
frame_presented t_us=1694235 configured=1870x1013
frame_acquired t_us=1694300 configured=1870x1013 texture=1870x1013
frame_presented t_us=1694512 configured=1870x1013
frame_acquired t_us=1694565 configured=1870x1013 texture=1870x1013
frame_presented t_us=1694766 configured=1870x1013
frame_acquired t_us=1694819 configured=1870x1013 texture=1870x1013
frame_presented t_us=1695021 configured=1870x1013
frame_acquired t_us=1695074 configured=1870x1013 texture=1870x1013
frame_presented t_us=1695287 configured=1870x1013
frame_acquired t_us=1695343 configured=1870x1013 texture=1870x1013
frame_presented t_us=1695550 configured=1870x1013
frame_acquired t_us=1695603 configured=1870x1013 texture=1870x1013
frame_presented t_us=1695806 configured=1870x1013
frame_acquired t_us=1695859 configured=1870x1013 texture=1870x1013
frame_presented t_us=1696060 configured=1870x1013
frame_acquired t_us=1696111 configured=1870x1013 texture=1870x1013
frame_presented t_us=1696332 configured=1870x1013
frame_acquired t_us=1696385 configured=1870x1013 texture=1870x1013
frame_presented t_us=1696590 configured=1870x1013
frame_acquired t_us=1696643 configured=1870x1013 texture=1870x1013
frame_presented t_us=1696848 configured=1870x1013
frame_acquired t_us=1696950 configured=1870x1013 texture=1870x1013
frame_presented t_us=1697158 configured=1870x1013
frame_acquired t_us=1697212 configured=1870x1013 texture=1870x1013
frame_presented t_us=1697428 configured=1870x1013
frame_acquired t_us=1697708 configured=1870x1013 texture=1870x1013
frame_presented t_us=1697920 configured=1870x1013
frame_acquired t_us=1697988 configured=1870x1013 texture=1870x1013
frame_presented t_us=1698206 configured=1870x1013
frame_acquired t_us=1698264 configured=1870x1013 texture=1870x1013
frame_presented t_us=1698477 configured=1870x1013
frame_acquired t_us=1698530 configured=1870x1013 texture=1870x1013
frame_presented t_us=1698736 configured=1870x1013
frame_acquired t_us=1698790 configured=1870x1013 texture=1870x1013
frame_presented t_us=1698992 configured=1870x1013
frame_acquired t_us=1699049 configured=1870x1013 texture=1870x1013
frame_presented t_us=1699255 configured=1870x1013
frame_acquired t_us=1699313 configured=1870x1013 texture=1870x1013
frame_presented t_us=1699527 configured=1870x1013
frame_acquired t_us=1699580 configured=1870x1013 texture=1870x1013
frame_presented t_us=1699787 configured=1870x1013
frame_acquired t_us=1699841 configured=1870x1013 texture=1870x1013
frame_presented t_us=1700044 configured=1870x1013
frame_acquired t_us=1700097 configured=1870x1013 texture=1870x1013
frame_presented t_us=1700309 configured=1870x1013
frame_acquired t_us=1700362 configured=1870x1013 texture=1870x1013
frame_presented t_us=1700567 configured=1870x1013
frame_acquired t_us=1700621 configured=1870x1013 texture=1870x1013
frame_presented t_us=1700825 configured=1870x1013
frame_acquired t_us=1700877 configured=1870x1013 texture=1870x1013
frame_presented t_us=1701081 configured=1870x1013
frame_acquired t_us=1701135 configured=1870x1013 texture=1870x1013
frame_presented t_us=1701351 configured=1870x1013
frame_acquired t_us=1701404 configured=1870x1013 texture=1870x1013
frame_presented t_us=1701607 configured=1870x1013
frame_acquired t_us=1701660 configured=1870x1013 texture=1870x1013
frame_presented t_us=1701863 configured=1870x1013
frame_acquired t_us=1701916 configured=1870x1013 texture=1870x1013
frame_presented t_us=1702119 configured=1870x1013
frame_acquired t_us=1702171 configured=1870x1013 texture=1870x1013
frame_presented t_us=1702379 configured=1870x1013
frame_acquired t_us=1702431 configured=1870x1013 texture=1870x1013
frame_presented t_us=1702615 configured=1870x1013
frame_acquired t_us=1702667 configured=1870x1013 texture=1870x1013
frame_presented t_us=1702871 configured=1870x1013
frame_acquired t_us=1702925 configured=1870x1013 texture=1870x1013
frame_presented t_us=1703135 configured=1870x1013
frame_acquired t_us=1703188 configured=1870x1013 texture=1870x1013
frame_presented t_us=1703396 configured=1870x1013
frame_acquired t_us=1703448 configured=1870x1013 texture=1870x1013
frame_presented t_us=1703652 configured=1870x1013
frame_acquired t_us=1703704 configured=1870x1013 texture=1870x1013
frame_presented t_us=1703906 configured=1870x1013
frame_acquired t_us=1703959 configured=1870x1013 texture=1870x1013
frame_presented t_us=1704162 configured=1870x1013
frame_acquired t_us=1704215 configured=1870x1013 texture=1870x1013
frame_presented t_us=1704422 configured=1870x1013
frame_acquired t_us=1704475 configured=1870x1013 texture=1870x1013
frame_presented t_us=1704676 configured=1870x1013
frame_acquired t_us=1704729 configured=1870x1013 texture=1870x1013
frame_presented t_us=1704932 configured=1870x1013
frame_acquired t_us=1704984 configured=1870x1013 texture=1870x1013
frame_presented t_us=1705186 configured=1870x1013
frame_acquired t_us=1705239 configured=1870x1013 texture=1870x1013
frame_presented t_us=1705446 configured=1870x1013
frame_acquired t_us=1705499 configured=1870x1013 texture=1870x1013
frame_presented t_us=1705702 configured=1870x1013
frame_acquired t_us=1705754 configured=1870x1013 texture=1870x1013
frame_presented t_us=1705956 configured=1870x1013
frame_acquired t_us=1706009 configured=1870x1013 texture=1870x1013
frame_presented t_us=1706211 configured=1870x1013
frame_acquired t_us=1706264 configured=1870x1013 texture=1870x1013
frame_presented t_us=1706470 configured=1870x1013
frame_acquired t_us=1706523 configured=1870x1013 texture=1870x1013
frame_presented t_us=1706725 configured=1870x1013
frame_acquired t_us=1706778 configured=1870x1013 texture=1870x1013
frame_presented t_us=1706980 configured=1870x1013
frame_acquired t_us=1707033 configured=1870x1013 texture=1870x1013
frame_presented t_us=1707234 configured=1870x1013
frame_acquired t_us=1707295 configured=1870x1013 texture=1870x1013
frame_presented t_us=1707500 configured=1870x1013
frame_acquired t_us=1707553 configured=1870x1013 texture=1870x1013
frame_presented t_us=1707756 configured=1870x1013
frame_acquired t_us=1707809 configured=1870x1013 texture=1870x1013
frame_presented t_us=1708010 configured=1870x1013
frame_acquired t_us=1708063 configured=1870x1013 texture=1870x1013
frame_presented t_us=1708265 configured=1870x1013
frame_acquired t_us=1708326 configured=1870x1013 texture=1870x1013
frame_presented t_us=1708529 configured=1870x1013
frame_acquired t_us=1708582 configured=1870x1013 texture=1870x1013
frame_presented t_us=1708783 configured=1870x1013
frame_acquired t_us=1708835 configured=1870x1013 texture=1870x1013
frame_presented t_us=1709036 configured=1870x1013
frame_acquired t_us=1709089 configured=1870x1013 texture=1870x1013
frame_presented t_us=1709296 configured=1870x1013
frame_acquired t_us=1709350 configured=1870x1013 texture=1870x1013
frame_presented t_us=1709552 configured=1870x1013
frame_acquired t_us=1709605 configured=1870x1013 texture=1870x1013
frame_presented t_us=1709807 configured=1870x1013
frame_acquired t_us=1709860 configured=1870x1013 texture=1870x1013
frame_presented t_us=1710062 configured=1870x1013
frame_acquired t_us=1710115 configured=1870x1013 texture=1870x1013
frame_presented t_us=1710327 configured=1870x1013
frame_acquired t_us=1710380 configured=1870x1013 texture=1870x1013
frame_presented t_us=1710583 configured=1870x1013
frame_acquired t_us=1710636 configured=1870x1013 texture=1870x1013
frame_presented t_us=1710838 configured=1870x1013
frame_acquired t_us=1710890 configured=1870x1013 texture=1870x1013
frame_presented t_us=1711092 configured=1870x1013
frame_acquired t_us=1711145 configured=1870x1013 texture=1870x1013
frame_presented t_us=1711353 configured=1870x1013
frame_acquired t_us=1711406 configured=1870x1013 texture=1870x1013
frame_presented t_us=1711609 configured=1870x1013
frame_acquired t_us=1711661 configured=1870x1013 texture=1870x1013
frame_presented t_us=1711863 configured=1870x1013
frame_acquired t_us=1711916 configured=1870x1013 texture=1870x1013
frame_presented t_us=1712117 configured=1870x1013
frame_acquired t_us=1712169 configured=1870x1013 texture=1870x1013
frame_presented t_us=1712378 configured=1870x1013
frame_acquired t_us=1712431 configured=1870x1013 texture=1870x1013
frame_presented t_us=1712634 configured=1870x1013
frame_acquired t_us=1712687 configured=1870x1013 texture=1870x1013
frame_presented t_us=1712889 configured=1870x1013
frame_acquired t_us=1712942 configured=1870x1013 texture=1870x1013
frame_presented t_us=1713145 configured=1870x1013
frame_acquired t_us=1713197 configured=1870x1013 texture=1870x1013
frame_presented t_us=1713408 configured=1870x1013
frame_acquired t_us=1713462 configured=1870x1013 texture=1870x1013
frame_presented t_us=1713645 configured=1870x1013
frame_acquired t_us=1713697 configured=1870x1013 texture=1870x1013
frame_presented t_us=1713904 configured=1870x1013
frame_acquired t_us=1713958 configured=1870x1013 texture=1870x1013
frame_presented t_us=1714161 configured=1870x1013
frame_acquired t_us=1714214 configured=1870x1013 texture=1870x1013
frame_presented t_us=1714422 configured=1870x1013
frame_acquired t_us=1714475 configured=1870x1013 texture=1870x1013
frame_presented t_us=1714676 configured=1870x1013
frame_acquired t_us=1714728 configured=1870x1013 texture=1870x1013
frame_presented t_us=1714930 configured=1870x1013
frame_acquired t_us=1714982 configured=1870x1013 texture=1870x1013
frame_presented t_us=1715185 configured=1870x1013
frame_acquired t_us=1715238 configured=1870x1013 texture=1870x1013
frame_presented t_us=1715451 configured=1870x1013
frame_acquired t_us=1715504 configured=1870x1013 texture=1870x1013
frame_presented t_us=1715710 configured=1870x1013
frame_acquired t_us=1715763 configured=1870x1013 texture=1870x1013
frame_presented t_us=1715966 configured=1870x1013
frame_acquired t_us=1716020 configured=1870x1013 texture=1870x1013
frame_presented t_us=1716223 configured=1870x1013
frame_acquired t_us=1716284 configured=1870x1013 texture=1870x1013
frame_presented t_us=1716489 configured=1870x1013
frame_acquired t_us=1716543 configured=1870x1013 texture=1870x1013
frame_presented t_us=1716746 configured=1870x1013
frame_acquired t_us=1716798 configured=1870x1013 texture=1870x1013
frame_presented t_us=1717005 configured=1870x1013
frame_acquired t_us=1717058 configured=1870x1013 texture=1870x1013
frame_presented t_us=1717262 configured=1870x1013
frame_acquired t_us=1717319 configured=1870x1013 texture=1870x1013
frame_presented t_us=1717524 configured=1870x1013
frame_acquired t_us=1717577 configured=1870x1013 texture=1870x1013
frame_presented t_us=1717780 configured=1870x1013
frame_acquired t_us=1717834 configured=1870x1013 texture=1870x1013
frame_presented t_us=1718036 configured=1870x1013
frame_acquired t_us=1718089 configured=1870x1013 texture=1870x1013
frame_presented t_us=1718357 configured=1870x1013
frame_acquired t_us=1718453 configured=1870x1013 texture=1870x1013
frame_presented t_us=1718742 configured=1870x1013
frame_acquired t_us=1718797 configured=1870x1013 texture=1870x1013
frame_presented t_us=1719007 configured=1870x1013
frame_acquired t_us=1719062 configured=1870x1013 texture=1870x1013
frame_presented t_us=1719269 configured=1870x1013
frame_acquired t_us=1719329 configured=1870x1013 texture=1870x1013
frame_presented t_us=1719538 configured=1870x1013
frame_acquired t_us=1719592 configured=1870x1013 texture=1870x1013
frame_presented t_us=1719796 configured=1870x1013
frame_acquired t_us=1719850 configured=1870x1013 texture=1870x1013
frame_presented t_us=1720053 configured=1870x1013
frame_acquired t_us=1720107 configured=1870x1013 texture=1870x1013
frame_presented t_us=1720314 configured=1870x1013
frame_acquired t_us=1720367 configured=1870x1013 texture=1870x1013
frame_presented t_us=1720570 configured=1870x1013
frame_acquired t_us=1720624 configured=1870x1013 texture=1870x1013
frame_presented t_us=1720827 configured=1870x1013
frame_acquired t_us=1720881 configured=1870x1013 texture=1870x1013
frame_presented t_us=1721085 configured=1870x1013
frame_acquired t_us=1721138 configured=1870x1013 texture=1870x1013
frame_presented t_us=1721347 configured=1870x1013
frame_acquired t_us=1721400 configured=1870x1013 texture=1870x1013
frame_presented t_us=1721602 configured=1870x1013
frame_acquired t_us=1721655 configured=1870x1013 texture=1870x1013
frame_presented t_us=1721857 configured=1870x1013
frame_acquired t_us=1721910 configured=1870x1013 texture=1870x1013
frame_presented t_us=1722112 configured=1870x1013
frame_acquired t_us=1722165 configured=1870x1013 texture=1870x1013
frame_presented t_us=1722372 configured=1870x1013
frame_acquired t_us=1722426 configured=1870x1013 texture=1870x1013
frame_presented t_us=1722628 configured=1870x1013
frame_acquired t_us=1722682 configured=1870x1013 texture=1870x1013
frame_presented t_us=1722885 configured=1870x1013
frame_acquired t_us=1722938 configured=1870x1013 texture=1870x1013
frame_presented t_us=1723140 configured=1870x1013
frame_acquired t_us=1723193 configured=1870x1013 texture=1870x1013
frame_presented t_us=1723401 configured=1870x1013
frame_acquired t_us=1723454 configured=1870x1013 texture=1870x1013
frame_presented t_us=1723656 configured=1870x1013
frame_acquired t_us=1723710 configured=1870x1013 texture=1870x1013
frame_presented t_us=1723911 configured=1870x1013
frame_acquired t_us=1723964 configured=1870x1013 texture=1870x1013
frame_presented t_us=1724167 configured=1870x1013
frame_acquired t_us=1724221 configured=1870x1013 texture=1870x1013
frame_presented t_us=1724427 configured=1870x1013
frame_acquired t_us=1724481 configured=1870x1013 texture=1870x1013
frame_presented t_us=1724683 configured=1870x1013
frame_acquired t_us=1724736 configured=1870x1013 texture=1870x1013
frame_presented t_us=1724937 configured=1870x1013
frame_acquired t_us=1724991 configured=1870x1013 texture=1870x1013
frame_presented t_us=1725191 configured=1870x1013
frame_acquired t_us=1725245 configured=1870x1013 texture=1870x1013
frame_presented t_us=1725452 configured=1870x1013
frame_acquired t_us=1725509 configured=1870x1013 texture=1870x1013
frame_presented t_us=1725712 configured=1870x1013
frame_acquired t_us=1725766 configured=1870x1013 texture=1870x1013
frame_presented t_us=1725969 configured=1870x1013
frame_acquired t_us=1726022 configured=1870x1013 texture=1870x1013
frame_presented t_us=1726224 configured=1870x1013
frame_acquired t_us=1726315 configured=1870x1013 texture=1870x1013
frame_presented t_us=1726577 configured=1870x1013
frame_acquired t_us=1726637 configured=1870x1013 texture=1870x1013
frame_presented t_us=1726848 configured=1870x1013
frame_acquired t_us=1726902 configured=1870x1013 texture=1870x1013
frame_presented t_us=1727105 configured=1870x1013
frame_acquired t_us=1727158 configured=1870x1013 texture=1870x1013
frame_presented t_us=1727372 configured=1870x1013
frame_acquired t_us=1727426 configured=1870x1013 texture=1870x1013
frame_presented t_us=1727636 configured=1870x1013
frame_acquired t_us=1727692 configured=1870x1013 texture=1870x1013
frame_presented t_us=1727898 configured=1870x1013
frame_acquired t_us=1727953 configured=1870x1013 texture=1870x1013
frame_presented t_us=1728160 configured=1870x1013
frame_acquired t_us=1728215 configured=1870x1013 texture=1870x1013
frame_presented t_us=1728430 configured=1870x1013
frame_acquired t_us=1728483 configured=1870x1013 texture=1870x1013
frame_presented t_us=1728688 configured=1870x1013
frame_acquired t_us=1728741 configured=1870x1013 texture=1870x1013
frame_presented t_us=1728946 configured=1870x1013
frame_acquired t_us=1728999 configured=1870x1013 texture=1870x1013
frame_presented t_us=1729202 configured=1870x1013
frame_acquired t_us=1729256 configured=1870x1013 texture=1870x1013
frame_presented t_us=1729468 configured=1870x1013
frame_acquired t_us=1729524 configured=1870x1013 texture=1870x1013
frame_presented t_us=1729734 configured=1870x1013
frame_acquired t_us=1729788 configured=1870x1013 texture=1870x1013
frame_presented t_us=1729992 configured=1870x1013
frame_acquired t_us=1730045 configured=1870x1013 texture=1870x1013
frame_presented t_us=1730246 configured=1870x1013
frame_acquired t_us=1730304 configured=1870x1013 texture=1870x1013
frame_presented t_us=1730516 configured=1870x1013
frame_acquired t_us=1730569 configured=1870x1013 texture=1870x1013
frame_presented t_us=1730775 configured=1870x1013
frame_acquired t_us=1730828 configured=1870x1013 texture=1870x1013
frame_presented t_us=1731032 configured=1870x1013
frame_acquired t_us=1731086 configured=1870x1013 texture=1870x1013
frame_presented t_us=1731295 configured=1870x1013
frame_acquired t_us=1731350 configured=1870x1013 texture=1870x1013
frame_presented t_us=1731560 configured=1870x1013
frame_acquired t_us=1731613 configured=1870x1013 texture=1870x1013
frame_presented t_us=1731819 configured=1870x1013
frame_acquired t_us=1731873 configured=1870x1013 texture=1870x1013
frame_presented t_us=1732077 configured=1870x1013
frame_acquired t_us=1732131 configured=1870x1013 texture=1870x1013
frame_presented t_us=1732342 configured=1870x1013
frame_acquired t_us=1732395 configured=1870x1013 texture=1870x1013
frame_presented t_us=1732599 configured=1870x1013
frame_acquired t_us=1732652 configured=1870x1013 texture=1870x1013
frame_presented t_us=1732856 configured=1870x1013
frame_acquired t_us=1732910 configured=1870x1013 texture=1870x1013
frame_presented t_us=1733114 configured=1870x1013
frame_acquired t_us=1733168 configured=1870x1013 texture=1870x1013
frame_presented t_us=1733379 configured=1870x1013
frame_acquired t_us=1733432 configured=1870x1013 texture=1870x1013
frame_presented t_us=1733636 configured=1870x1013
frame_acquired t_us=1733690 configured=1870x1013 texture=1870x1013
frame_presented t_us=1733893 configured=1870x1013
frame_acquired t_us=1733947 configured=1870x1013 texture=1870x1013
frame_presented t_us=1734150 configured=1870x1013
frame_acquired t_us=1734203 configured=1870x1013 texture=1870x1013
frame_presented t_us=1734419 configured=1870x1013
frame_acquired t_us=1734473 configured=1870x1013 texture=1870x1013
frame_presented t_us=1734679 configured=1870x1013
frame_acquired t_us=1734737 configured=1870x1013 texture=1870x1013
frame_presented t_us=1734944 configured=1870x1013
frame_acquired t_us=1734998 configured=1870x1013 texture=1870x1013
frame_presented t_us=1735204 configured=1870x1013
frame_acquired t_us=1735257 configured=1870x1013 texture=1870x1013
frame_presented t_us=1735470 configured=1870x1013
frame_acquired t_us=1735523 configured=1870x1013 texture=1870x1013
frame_presented t_us=1735734 configured=1870x1013
frame_acquired t_us=1735787 configured=1870x1013 texture=1870x1013
frame_presented t_us=1735998 configured=1870x1013
frame_acquired t_us=1736051 configured=1870x1013 texture=1870x1013
frame_presented t_us=1736254 configured=1870x1013
frame_acquired t_us=1736312 configured=1870x1013 texture=1870x1013
frame_presented t_us=1736517 configured=1870x1013
frame_acquired t_us=1736570 configured=1870x1013 texture=1870x1013
frame_presented t_us=1736776 configured=1870x1013
frame_acquired t_us=1736829 configured=1870x1013 texture=1870x1013
frame_presented t_us=1737034 configured=1870x1013
frame_acquired t_us=1737087 configured=1870x1013 texture=1870x1013
frame_presented t_us=1737297 configured=1870x1013
frame_acquired t_us=1737351 configured=1870x1013 texture=1870x1013
frame_presented t_us=1737559 configured=1870x1013
frame_acquired t_us=1737612 configured=1870x1013 texture=1870x1013
frame_presented t_us=1737816 configured=1870x1013
frame_acquired t_us=1737869 configured=1870x1013 texture=1870x1013
frame_presented t_us=1738075 configured=1870x1013
frame_acquired t_us=1738129 configured=1870x1013 texture=1870x1013
frame_presented t_us=1738354 configured=1870x1013
frame_acquired t_us=1738410 configured=1870x1013 texture=1870x1013
frame_presented t_us=1738624 configured=1870x1013
frame_acquired t_us=1738678 configured=1870x1013 texture=1870x1013
frame_presented t_us=1738886 configured=1870x1013
frame_acquired t_us=1738940 configured=1870x1013 texture=1870x1013
frame_presented t_us=1739145 configured=1870x1013
frame_acquired t_us=1739199 configured=1870x1013 texture=1870x1013
frame_presented t_us=1739410 configured=1870x1013
frame_acquired t_us=1739464 configured=1870x1013 texture=1870x1013
frame_presented t_us=1739671 configured=1870x1013
frame_acquired t_us=1739725 configured=1870x1013 texture=1870x1013
frame_presented t_us=1739929 configured=1870x1013
frame_acquired t_us=1739982 configured=1870x1013 texture=1870x1013
frame_presented t_us=1740185 configured=1870x1013
frame_acquired t_us=1740238 configured=1870x1013 texture=1870x1013
frame_presented t_us=1740446 configured=1870x1013
frame_acquired t_us=1740500 configured=1870x1013 texture=1870x1013
frame_presented t_us=1740704 configured=1870x1013
frame_acquired t_us=1740758 configured=1870x1013 texture=1870x1013
frame_presented t_us=1740962 configured=1870x1013
frame_acquired t_us=1741015 configured=1870x1013 texture=1870x1013
frame_presented t_us=1741218 configured=1870x1013
frame_acquired t_us=1741271 configured=1870x1013 texture=1870x1013
frame_presented t_us=1741479 configured=1870x1013
frame_acquired t_us=1741532 configured=1870x1013 texture=1870x1013
frame_presented t_us=1741735 configured=1870x1013
frame_acquired t_us=1741788 configured=1870x1013 texture=1870x1013
frame_presented t_us=1741992 configured=1870x1013
frame_acquired t_us=1742045 configured=1870x1013 texture=1870x1013
frame_presented t_us=1742248 configured=1870x1013
frame_acquired t_us=1742324 configured=1870x1013 texture=1870x1013
frame_presented t_us=1742532 configured=1870x1013
frame_acquired t_us=1742585 configured=1870x1013 texture=1870x1013
frame_presented t_us=1742788 configured=1870x1013
frame_acquired t_us=1742841 configured=1870x1013 texture=1870x1013
frame_presented t_us=1743045 configured=1870x1013
frame_acquired t_us=1743098 configured=1870x1013 texture=1870x1013
frame_presented t_us=1743305 configured=1870x1013
frame_acquired t_us=1743359 configured=1870x1013 texture=1870x1013
frame_presented t_us=1743564 configured=1870x1013
frame_acquired t_us=1743618 configured=1870x1013 texture=1870x1013
frame_presented t_us=1743822 configured=1870x1013
frame_acquired t_us=1743880 configured=1870x1013 texture=1870x1013
frame_presented t_us=1744090 configured=1870x1013
frame_acquired t_us=1744144 configured=1870x1013 texture=1870x1013
frame_presented t_us=1744354 configured=1870x1013
frame_acquired t_us=1744409 configured=1870x1013 texture=1870x1013
frame_presented t_us=1744612 configured=1870x1013
frame_acquired t_us=1744665 configured=1870x1013 texture=1870x1013
frame_presented t_us=1744868 configured=1870x1013
frame_acquired t_us=1744921 configured=1870x1013 texture=1870x1013
frame_presented t_us=1745125 configured=1870x1013
frame_acquired t_us=1745179 configured=1870x1013 texture=1870x1013
frame_presented t_us=1745389 configured=1870x1013
frame_acquired t_us=1745443 configured=1870x1013 texture=1870x1013
frame_presented t_us=1745648 configured=1870x1013
frame_acquired t_us=1745701 configured=1870x1013 texture=1870x1013
frame_presented t_us=1745905 configured=1870x1013
frame_acquired t_us=1745958 configured=1870x1013 texture=1870x1013
frame_presented t_us=1746165 configured=1870x1013
frame_acquired t_us=1746218 configured=1870x1013 texture=1870x1013
frame_presented t_us=1746427 configured=1870x1013
frame_acquired t_us=1746480 configured=1870x1013 texture=1870x1013
frame_presented t_us=1746683 configured=1870x1013
frame_acquired t_us=1746736 configured=1870x1013 texture=1870x1013
frame_presented t_us=1746940 configured=1870x1013
frame_acquired t_us=1746994 configured=1870x1013 texture=1870x1013
frame_presented t_us=1747198 configured=1870x1013
frame_acquired t_us=1747251 configured=1870x1013 texture=1870x1013
frame_presented t_us=1747469 configured=1870x1013
frame_acquired t_us=1747523 configured=1870x1013 texture=1870x1013
frame_presented t_us=1747727 configured=1870x1013
frame_acquired t_us=1747780 configured=1870x1013 texture=1870x1013
frame_presented t_us=1747984 configured=1870x1013
frame_acquired t_us=1748037 configured=1870x1013 texture=1870x1013
frame_presented t_us=1748241 configured=1870x1013
frame_acquired t_us=1748297 configured=1870x1013 texture=1870x1013
frame_presented t_us=1748501 configured=1870x1013
frame_acquired t_us=1748555 configured=1870x1013 texture=1870x1013
frame_presented t_us=1748759 configured=1870x1013
frame_acquired t_us=1748814 configured=1870x1013 texture=1870x1013
frame_presented t_us=1749052 configured=1870x1013
frame_acquired t_us=1749111 configured=1870x1013 texture=1870x1013
frame_presented t_us=1749330 configured=1870x1013
frame_acquired t_us=1749404 configured=1870x1013 texture=1870x1013
frame_presented t_us=1749667 configured=1870x1013
frame_acquired t_us=1749734 configured=1870x1013 texture=1870x1013
frame_presented t_us=1749987 configured=1870x1013
frame_acquired t_us=1750042 configured=1870x1013 texture=1870x1013
frame_presented t_us=1750252 configured=1870x1013
frame_acquired t_us=1750324 configured=1870x1013 texture=1870x1013
frame_presented t_us=1750537 configured=1870x1013
frame_acquired t_us=1750590 configured=1870x1013 texture=1870x1013
frame_presented t_us=1750796 configured=1870x1013
frame_acquired t_us=1750850 configured=1870x1013 texture=1870x1013
frame_presented t_us=1751054 configured=1870x1013
frame_acquired t_us=1751107 configured=1870x1013 texture=1870x1013
frame_presented t_us=1751318 configured=1870x1013
frame_acquired t_us=1751372 configured=1870x1013 texture=1870x1013
frame_presented t_us=1751577 configured=1870x1013
frame_acquired t_us=1751630 configured=1870x1013 texture=1870x1013
frame_presented t_us=1751835 configured=1870x1013
frame_acquired t_us=1751888 configured=1870x1013 texture=1870x1013
frame_presented t_us=1752093 configured=1870x1013
frame_acquired t_us=1752146 configured=1870x1013 texture=1870x1013
frame_presented t_us=1752356 configured=1870x1013
frame_acquired t_us=1752410 configured=1870x1013 texture=1870x1013
frame_presented t_us=1752615 configured=1870x1013
frame_acquired t_us=1752668 configured=1870x1013 texture=1870x1013
frame_presented t_us=1752872 configured=1870x1013
frame_acquired t_us=1752927 configured=1870x1013 texture=1870x1013
frame_presented t_us=1753130 configured=1870x1013
frame_acquired t_us=1753187 configured=1870x1013 texture=1870x1013
frame_presented t_us=1753401 configured=1870x1013
frame_acquired t_us=1753455 configured=1870x1013 texture=1870x1013
frame_presented t_us=1753661 configured=1870x1013
frame_acquired t_us=1753714 configured=1870x1013 texture=1870x1013
frame_presented t_us=1753917 configured=1870x1013
frame_acquired t_us=1753971 configured=1870x1013 texture=1870x1013
frame_presented t_us=1754174 configured=1870x1013
frame_acquired t_us=1754227 configured=1870x1013 texture=1870x1013
frame_presented t_us=1754481 configured=1870x1013
frame_acquired t_us=1754540 configured=1870x1013 texture=1870x1013
frame_presented t_us=1754757 configured=1870x1013
frame_acquired t_us=1754811 configured=1870x1013 texture=1870x1013
frame_presented t_us=1755016 configured=1870x1013
frame_acquired t_us=1755069 configured=1870x1013 texture=1870x1013
frame_presented t_us=1755274 configured=1870x1013
frame_acquired t_us=1755331 configured=1870x1013 texture=1870x1013
frame_presented t_us=1755535 configured=1870x1013
frame_acquired t_us=1755589 configured=1870x1013 texture=1870x1013
frame_presented t_us=1755794 configured=1870x1013
frame_acquired t_us=1755848 configured=1870x1013 texture=1870x1013
frame_presented t_us=1756053 configured=1870x1013
frame_acquired t_us=1756108 configured=1870x1013 texture=1870x1013
frame_presented t_us=1756317 configured=1870x1013
frame_acquired t_us=1756371 configured=1870x1013 texture=1870x1013
frame_presented t_us=1756580 configured=1870x1013
frame_acquired t_us=1756634 configured=1870x1013 texture=1870x1013
frame_presented t_us=1756840 configured=1870x1013
frame_acquired t_us=1756894 configured=1870x1013 texture=1870x1013
frame_presented t_us=1757097 configured=1870x1013
frame_acquired t_us=1757151 configured=1870x1013 texture=1870x1013
frame_presented t_us=1757364 configured=1870x1013
frame_acquired t_us=1757418 configured=1870x1013 texture=1870x1013
frame_presented t_us=1757623 configured=1870x1013
frame_acquired t_us=1757676 configured=1870x1013 texture=1870x1013
frame_presented t_us=1757882 configured=1870x1013
frame_acquired t_us=1757935 configured=1870x1013 texture=1870x1013
frame_presented t_us=1758139 configured=1870x1013
frame_acquired t_us=1758193 configured=1870x1013 texture=1870x1013
frame_presented t_us=1758407 configured=1870x1013
frame_acquired t_us=1758460 configured=1870x1013 texture=1870x1013
frame_presented t_us=1758663 configured=1870x1013
frame_acquired t_us=1758716 configured=1870x1013 texture=1870x1013
frame_presented t_us=1758920 configured=1870x1013
frame_acquired t_us=1758973 configured=1870x1013 texture=1870x1013
frame_presented t_us=1759176 configured=1870x1013
frame_acquired t_us=1759230 configured=1870x1013 texture=1870x1013
frame_presented t_us=1759438 configured=1870x1013
frame_acquired t_us=1759492 configured=1870x1013 texture=1870x1013
frame_presented t_us=1759696 configured=1870x1013
frame_acquired t_us=1759749 configured=1870x1013 texture=1870x1013
frame_presented t_us=1759953 configured=1870x1013
frame_acquired t_us=1760006 configured=1870x1013 texture=1870x1013
frame_presented t_us=1760208 configured=1870x1013
frame_acquired t_us=1760262 configured=1870x1013 texture=1870x1013
frame_presented t_us=1760470 configured=1870x1013
frame_acquired t_us=1760523 configured=1870x1013 texture=1870x1013
frame_presented t_us=1760728 configured=1870x1013
frame_acquired t_us=1760781 configured=1870x1013 texture=1870x1013
frame_presented t_us=1760984 configured=1870x1013
frame_acquired t_us=1761038 configured=1870x1013 texture=1870x1013
frame_presented t_us=1761241 configured=1870x1013
frame_acquired t_us=1761298 configured=1870x1013 texture=1870x1013
frame_presented t_us=1761502 configured=1870x1013
frame_acquired t_us=1761555 configured=1870x1013 texture=1870x1013
frame_presented t_us=1761757 configured=1870x1013
frame_acquired t_us=1761810 configured=1870x1013 texture=1870x1013
frame_presented t_us=1762013 configured=1870x1013
frame_acquired t_us=1762066 configured=1870x1013 texture=1870x1013
frame_presented t_us=1762269 configured=1870x1013
frame_acquired t_us=1762335 configured=1870x1013 texture=1870x1013
frame_presented t_us=1762543 configured=1870x1013
frame_acquired t_us=1762596 configured=1870x1013 texture=1870x1013
frame_presented t_us=1762801 configured=1870x1013
frame_acquired t_us=1762864 configured=1870x1013 texture=1870x1013
frame_presented t_us=1763071 configured=1870x1013
frame_acquired t_us=1763124 configured=1870x1013 texture=1870x1013
frame_presented t_us=1763339 configured=1870x1013
frame_acquired t_us=1763395 configured=1870x1013 texture=1870x1013
frame_presented t_us=1763610 configured=1870x1013
frame_acquired t_us=1763664 configured=1870x1013 texture=1870x1013
frame_presented t_us=1763872 configured=1870x1013
frame_acquired t_us=1763925 configured=1870x1013 texture=1870x1013
frame_presented t_us=1764130 configured=1870x1013
frame_acquired t_us=1764184 configured=1870x1013 texture=1870x1013
frame_presented t_us=1764394 configured=1870x1013
frame_acquired t_us=1764448 configured=1870x1013 texture=1870x1013
frame_presented t_us=1764651 configured=1870x1013
frame_acquired t_us=1764704 configured=1870x1013 texture=1870x1013
frame_presented t_us=1764907 configured=1870x1013
frame_acquired t_us=1764961 configured=1870x1013 texture=1870x1013
frame_presented t_us=1765163 configured=1870x1013
frame_acquired t_us=1765218 configured=1870x1013 texture=1870x1013
frame_presented t_us=1765425 configured=1870x1013
frame_acquired t_us=1765479 configured=1870x1013 texture=1870x1013
frame_presented t_us=1765683 configured=1870x1013
frame_acquired t_us=1765736 configured=1870x1013 texture=1870x1013
frame_presented t_us=1765939 configured=1870x1013
frame_acquired t_us=1765999 configured=1870x1013 texture=1870x1013
frame_presented t_us=1766202 configured=1870x1013
frame_acquired t_us=1766256 configured=1870x1013 texture=1870x1013
frame_presented t_us=1766481 configured=1870x1013
frame_acquired t_us=1766535 configured=1870x1013 texture=1870x1013
frame_presented t_us=1766740 configured=1870x1013
frame_acquired t_us=1766793 configured=1870x1013 texture=1870x1013
frame_presented t_us=1766997 configured=1870x1013
frame_acquired t_us=1767050 configured=1870x1013 texture=1870x1013
frame_presented t_us=1767252 configured=1870x1013
frame_acquired t_us=1767310 configured=1870x1013 texture=1870x1013
frame_presented t_us=1767515 configured=1870x1013
frame_acquired t_us=1767577 configured=1870x1013 texture=1870x1013
frame_presented t_us=1767889 configured=1870x1013
frame_acquired t_us=1767955 configured=1870x1013 texture=1870x1013
frame_presented t_us=1768178 configured=1870x1013
frame_acquired t_us=1768233 configured=1870x1013 texture=1870x1013
frame_presented t_us=1768453 configured=1870x1013
frame_acquired t_us=1768507 configured=1870x1013 texture=1870x1013
frame_presented t_us=1768715 configured=1870x1013
frame_acquired t_us=1768769 configured=1870x1013 texture=1870x1013
frame_presented t_us=1768976 configured=1870x1013
frame_acquired t_us=1769030 configured=1870x1013 texture=1870x1013
frame_presented t_us=1769236 configured=1870x1013
frame_acquired t_us=1769293 configured=1870x1013 texture=1870x1013
frame_presented t_us=1769503 configured=1870x1013
frame_acquired t_us=1769556 configured=1870x1013 texture=1870x1013
frame_presented t_us=1769760 configured=1870x1013
frame_acquired t_us=1769814 configured=1870x1013 texture=1870x1013
frame_presented t_us=1770018 configured=1870x1013
frame_acquired t_us=1770071 configured=1870x1013 texture=1870x1013
frame_presented t_us=1770278 configured=1870x1013
frame_acquired t_us=1770332 configured=1870x1013 texture=1870x1013
frame_presented t_us=1770553 configured=1870x1013
frame_acquired t_us=1770607 configured=1870x1013 texture=1870x1013
frame_presented t_us=1770816 configured=1870x1013
frame_acquired t_us=1770868 configured=1870x1013 texture=1870x1013
frame_presented t_us=1771071 configured=1870x1013
frame_acquired t_us=1771124 configured=1870x1013 texture=1870x1013
frame_presented t_us=1771334 configured=1870x1013
frame_acquired t_us=1771388 configured=1870x1013 texture=1870x1013
frame_presented t_us=1771592 configured=1870x1013
frame_acquired t_us=1771649 configured=1870x1013 texture=1870x1013
frame_presented t_us=1771853 configured=1870x1013
frame_acquired t_us=1771907 configured=1870x1013 texture=1870x1013
frame_presented t_us=1772109 configured=1870x1013
frame_acquired t_us=1772162 configured=1870x1013 texture=1870x1013
frame_presented t_us=1772372 configured=1870x1013
frame_acquired t_us=1772425 configured=1870x1013 texture=1870x1013
frame_presented t_us=1772629 configured=1870x1013
frame_acquired t_us=1772683 configured=1870x1013 texture=1870x1013
frame_presented t_us=1772887 configured=1870x1013
frame_acquired t_us=1772940 configured=1870x1013 texture=1870x1013
frame_presented t_us=1773145 configured=1870x1013
frame_acquired t_us=1773198 configured=1870x1013 texture=1870x1013
frame_presented t_us=1773416 configured=1870x1013
frame_acquired t_us=1773470 configured=1870x1013 texture=1870x1013
frame_presented t_us=1773673 configured=1870x1013
frame_acquired t_us=1773726 configured=1870x1013 texture=1870x1013
frame_presented t_us=1773928 configured=1870x1013
frame_acquired t_us=1773981 configured=1870x1013 texture=1870x1013
frame_presented t_us=1774183 configured=1870x1013
frame_acquired t_us=1774236 configured=1870x1013 texture=1870x1013
frame_presented t_us=1774445 configured=1870x1013
frame_acquired t_us=1774499 configured=1870x1013 texture=1870x1013
frame_presented t_us=1774702 configured=1870x1013
frame_acquired t_us=1774756 configured=1870x1013 texture=1870x1013
frame_presented t_us=1774958 configured=1870x1013
frame_acquired t_us=1775011 configured=1870x1013 texture=1870x1013
frame_presented t_us=1775213 configured=1870x1013
frame_acquired t_us=1775266 configured=1870x1013 texture=1870x1013
frame_presented t_us=1775474 configured=1870x1013
frame_acquired t_us=1775527 configured=1870x1013 texture=1870x1013
frame_presented t_us=1775730 configured=1870x1013
frame_acquired t_us=1775783 configured=1870x1013 texture=1870x1013
frame_presented t_us=1775984 configured=1870x1013
frame_acquired t_us=1776037 configured=1870x1013 texture=1870x1013
frame_presented t_us=1776239 configured=1870x1013
frame_acquired t_us=1776296 configured=1870x1013 texture=1870x1013
frame_presented t_us=1776499 configured=1870x1013
frame_acquired t_us=1776553 configured=1870x1013 texture=1870x1013
frame_presented t_us=1776754 configured=1870x1013
frame_acquired t_us=1776807 configured=1870x1013 texture=1870x1013
frame_presented t_us=1777009 configured=1870x1013
frame_acquired t_us=1777064 configured=1870x1013 texture=1870x1013
frame_presented t_us=1777273 configured=1870x1013
frame_acquired t_us=1777330 configured=1870x1013 texture=1870x1013
frame_presented t_us=1777540 configured=1870x1013
frame_acquired t_us=1777593 configured=1870x1013 texture=1870x1013
frame_presented t_us=1777797 configured=1870x1013
frame_acquired t_us=1777851 configured=1870x1013 texture=1870x1013
frame_presented t_us=1778060 configured=1870x1013
frame_acquired t_us=1778113 configured=1870x1013 texture=1870x1013
frame_presented t_us=1778321 configured=1870x1013
frame_acquired t_us=1778375 configured=1870x1013 texture=1870x1013
frame_presented t_us=1778578 configured=1870x1013
frame_acquired t_us=1778632 configured=1870x1013 texture=1870x1013
frame_presented t_us=1778834 configured=1870x1013
frame_acquired t_us=1778887 configured=1870x1013 texture=1870x1013
frame_presented t_us=1779091 configured=1870x1013
frame_acquired t_us=1779144 configured=1870x1013 texture=1870x1013
frame_presented t_us=1779351 configured=1870x1013
frame_acquired t_us=1779404 configured=1870x1013 texture=1870x1013
frame_presented t_us=1779613 configured=1870x1013
frame_acquired t_us=1779666 configured=1870x1013 texture=1870x1013
frame_presented t_us=1779870 configured=1870x1013
frame_acquired t_us=1779923 configured=1870x1013 texture=1870x1013
frame_presented t_us=1780128 configured=1870x1013
frame_acquired t_us=1780181 configured=1870x1013 texture=1870x1013
frame_presented t_us=1780390 configured=1870x1013
frame_acquired t_us=1780444 configured=1870x1013 texture=1870x1013
frame_presented t_us=1780647 configured=1870x1013
frame_acquired t_us=1780704 configured=1870x1013 texture=1870x1013
frame_presented t_us=1780912 configured=1870x1013
frame_acquired t_us=1780966 configured=1870x1013 texture=1870x1013
frame_presented t_us=1781171 configured=1870x1013
frame_acquired t_us=1781225 configured=1870x1013 texture=1870x1013
frame_presented t_us=1781440 configured=1870x1013
frame_acquired t_us=1781494 configured=1870x1013 texture=1870x1013
frame_presented t_us=1781698 configured=1870x1013
frame_acquired t_us=1781751 configured=1870x1013 texture=1870x1013
frame_presented t_us=1781955 configured=1870x1013
frame_acquired t_us=1782008 configured=1870x1013 texture=1870x1013
frame_presented t_us=1782211 configured=1870x1013
frame_acquired t_us=1782265 configured=1870x1013 texture=1870x1013
frame_presented t_us=1782474 configured=1870x1013
frame_acquired t_us=1782528 configured=1870x1013 texture=1870x1013
frame_presented t_us=1782732 configured=1870x1013
frame_acquired t_us=1782791 configured=1870x1013 texture=1870x1013
frame_presented t_us=1782995 configured=1870x1013
frame_acquired t_us=1783050 configured=1870x1013 texture=1870x1013
frame_presented t_us=1783253 configured=1870x1013
frame_acquired t_us=1783310 configured=1870x1013 texture=1870x1013
frame_presented t_us=1783515 configured=1870x1013
frame_acquired t_us=1783569 configured=1870x1013 texture=1870x1013
frame_presented t_us=1783772 configured=1870x1013
frame_acquired t_us=1783825 configured=1870x1013 texture=1870x1013
frame_presented t_us=1784027 configured=1870x1013
frame_acquired t_us=1784081 configured=1870x1013 texture=1870x1013
frame_presented t_us=1784288 configured=1870x1013
frame_acquired t_us=1784342 configured=1870x1013 texture=1870x1013
frame_presented t_us=1784564 configured=1870x1013
frame_acquired t_us=1784643 configured=1870x1013 texture=1870x1013
frame_presented t_us=1785000 configured=1870x1013
frame_acquired t_us=1785062 configured=1870x1013 texture=1870x1013
frame_presented t_us=1785327 configured=1870x1013
frame_acquired t_us=1785390 configured=1870x1013 texture=1870x1013
frame_presented t_us=1785637 configured=1870x1013
frame_acquired t_us=1785692 configured=1870x1013 texture=1870x1013
frame_presented t_us=1785900 configured=1870x1013
frame_acquired t_us=1785954 configured=1870x1013 texture=1870x1013
frame_presented t_us=1786160 configured=1870x1013
frame_acquired t_us=1786213 configured=1870x1013 texture=1870x1013
frame_presented t_us=1786455 configured=1870x1013
frame_acquired t_us=1786513 configured=1870x1013 texture=1870x1013
frame_presented t_us=1786741 configured=1870x1013
frame_acquired t_us=1786798 configured=1870x1013 texture=1870x1013
frame_presented t_us=1787006 configured=1870x1013
frame_acquired t_us=1787060 configured=1870x1013 texture=1870x1013
frame_presented t_us=1787266 configured=1870x1013
frame_acquired t_us=1787324 configured=1870x1013 texture=1870x1013
frame_presented t_us=1787531 configured=1870x1013
frame_acquired t_us=1787592 configured=1870x1013 texture=1870x1013
frame_presented t_us=1787847 configured=1870x1013
frame_acquired t_us=1787905 configured=1870x1013 texture=1870x1013
frame_presented t_us=1788122 configured=1870x1013
frame_acquired t_us=1788177 configured=1870x1013 texture=1870x1013
frame_presented t_us=1788393 configured=1870x1013
frame_acquired t_us=1788448 configured=1870x1013 texture=1870x1013
frame_presented t_us=1788655 configured=1870x1013
frame_acquired t_us=1788708 configured=1870x1013 texture=1870x1013
frame_presented t_us=1788912 configured=1870x1013
frame_acquired t_us=1788966 configured=1870x1013 texture=1870x1013
frame_presented t_us=1789171 configured=1870x1013
frame_acquired t_us=1789230 configured=1870x1013 texture=1870x1013
frame_presented t_us=1789462 configured=1870x1013
frame_acquired t_us=1789516 configured=1870x1013 texture=1870x1013
frame_presented t_us=1789721 configured=1870x1013
frame_acquired t_us=1789775 configured=1870x1013 texture=1870x1013
frame_presented t_us=1789979 configured=1870x1013
frame_acquired t_us=1790033 configured=1870x1013 texture=1870x1013
frame_presented t_us=1790238 configured=1870x1013
frame_acquired t_us=1790300 configured=1870x1013 texture=1870x1013
frame_presented t_us=1790513 configured=1870x1013
frame_acquired t_us=1790567 configured=1870x1013 texture=1870x1013
frame_presented t_us=1790773 configured=1870x1013
frame_acquired t_us=1790826 configured=1870x1013 texture=1870x1013
frame_presented t_us=1791031 configured=1870x1013
frame_acquired t_us=1791085 configured=1870x1013 texture=1870x1013
frame_presented t_us=1791331 configured=1870x1013
frame_acquired t_us=1791421 configured=1870x1013 texture=1870x1013
frame_presented t_us=1791729 configured=1870x1013
frame_acquired t_us=1791783 configured=1870x1013 texture=1870x1013
frame_presented t_us=1791993 configured=1870x1013
frame_acquired t_us=1792047 configured=1870x1013 texture=1870x1013
frame_presented t_us=1792256 configured=1870x1013
frame_acquired t_us=1792317 configured=1870x1013 texture=1870x1013
frame_presented t_us=1792531 configured=1870x1013
frame_acquired t_us=1792585 configured=1870x1013 texture=1870x1013
frame_presented t_us=1792791 configured=1870x1013
frame_acquired t_us=1792844 configured=1870x1013 texture=1870x1013
frame_presented t_us=1793049 configured=1870x1013
frame_acquired t_us=1793103 configured=1870x1013 texture=1870x1013
frame_presented t_us=1793318 configured=1870x1013
frame_acquired t_us=1793372 configured=1870x1013 texture=1870x1013
frame_presented t_us=1793580 configured=1870x1013
frame_acquired t_us=1793633 configured=1870x1013 texture=1870x1013
frame_presented t_us=1793837 configured=1870x1013
frame_acquired t_us=1793890 configured=1870x1013 texture=1870x1013
frame_presented t_us=1794093 configured=1870x1013
frame_acquired t_us=1794147 configured=1870x1013 texture=1870x1013
frame_presented t_us=1794359 configured=1870x1013
frame_acquired t_us=1794412 configured=1870x1013 texture=1870x1013
frame_presented t_us=1794616 configured=1870x1013
frame_acquired t_us=1794669 configured=1870x1013 texture=1870x1013
frame_presented t_us=1794872 configured=1870x1013
frame_acquired t_us=1794925 configured=1870x1013 texture=1870x1013
frame_presented t_us=1795127 configured=1870x1013
frame_acquired t_us=1795181 configured=1870x1013 texture=1870x1013
frame_presented t_us=1795394 configured=1870x1013
frame_acquired t_us=1795448 configured=1870x1013 texture=1870x1013
frame_presented t_us=1795652 configured=1870x1013
frame_acquired t_us=1795705 configured=1870x1013 texture=1870x1013
frame_presented t_us=1795908 configured=1870x1013
frame_acquired t_us=1795961 configured=1870x1013 texture=1870x1013
frame_presented t_us=1796164 configured=1870x1013
frame_acquired t_us=1796218 configured=1870x1013 texture=1870x1013
frame_presented t_us=1796433 configured=1870x1013
frame_acquired t_us=1796488 configured=1870x1013 texture=1870x1013
frame_presented t_us=1796698 configured=1870x1013
frame_acquired t_us=1796753 configured=1870x1013 texture=1870x1013
frame_presented t_us=1796960 configured=1870x1013
frame_acquired t_us=1797014 configured=1870x1013 texture=1870x1013
frame_presented t_us=1797219 configured=1870x1013
frame_acquired t_us=1797273 configured=1870x1013 texture=1870x1013
frame_presented t_us=1797484 configured=1870x1013
frame_acquired t_us=1797538 configured=1870x1013 texture=1870x1013
frame_presented t_us=1797741 configured=1870x1013
frame_acquired t_us=1797795 configured=1870x1013 texture=1870x1013
frame_presented t_us=1798005 configured=1870x1013
frame_acquired t_us=1798059 configured=1870x1013 texture=1870x1013
frame_presented t_us=1798302 configured=1870x1013
frame_acquired t_us=1798361 configured=1870x1013 texture=1870x1013
frame_presented t_us=1798577 configured=1870x1013
frame_acquired t_us=1798631 configured=1870x1013 texture=1870x1013
frame_presented t_us=1798839 configured=1870x1013
frame_acquired t_us=1798893 configured=1870x1013 texture=1870x1013
frame_presented t_us=1799098 configured=1870x1013
frame_acquired t_us=1799160 configured=1870x1013 texture=1870x1013
frame_presented t_us=1799385 configured=1870x1013
frame_acquired t_us=1799439 configured=1870x1013 texture=1870x1013
frame_presented t_us=1799645 configured=1870x1013
frame_acquired t_us=1799707 configured=1870x1013 texture=1870x1013
frame_presented t_us=1799913 configured=1870x1013
frame_acquired t_us=1799966 configured=1870x1013 texture=1870x1013
frame_presented t_us=1800170 configured=1870x1013
frame_acquired t_us=1800223 configured=1870x1013 texture=1870x1013
frame_presented t_us=1800434 configured=1870x1013
frame_acquired t_us=1800488 configured=1870x1013 texture=1870x1013
frame_presented t_us=1800691 configured=1870x1013
frame_acquired t_us=1800746 configured=1870x1013 texture=1870x1013
frame_presented t_us=1800950 configured=1870x1013
frame_acquired t_us=1801004 configured=1870x1013 texture=1870x1013
frame_presented t_us=1801209 configured=1870x1013
frame_acquired t_us=1801262 configured=1870x1013 texture=1870x1013
frame_presented t_us=1801474 configured=1870x1013
frame_acquired t_us=1801539 configured=1870x1013 texture=1870x1013
frame_presented t_us=1801868 configured=1870x1013
frame_acquired t_us=1801924 configured=1870x1013 texture=1870x1013
frame_presented t_us=1802142 configured=1870x1013
frame_acquired t_us=1802196 configured=1870x1013 texture=1870x1013
frame_presented t_us=1802414 configured=1870x1013
frame_acquired t_us=1802469 configured=1870x1013 texture=1870x1013
frame_presented t_us=1802675 configured=1870x1013
frame_acquired t_us=1802728 configured=1870x1013 texture=1870x1013
frame_presented t_us=1802935 configured=1870x1013
frame_acquired t_us=1802987 configured=1870x1013 texture=1870x1013
frame_presented t_us=1803192 configured=1870x1013
frame_acquired t_us=1803245 configured=1870x1013 texture=1870x1013
frame_presented t_us=1803478 configured=1870x1013
frame_acquired t_us=1803532 configured=1870x1013 texture=1870x1013
frame_presented t_us=1803751 configured=1870x1013
frame_acquired t_us=1803806 configured=1870x1013 texture=1870x1013
frame_presented t_us=1804013 configured=1870x1013
frame_acquired t_us=1804066 configured=1870x1013 texture=1870x1013
frame_presented t_us=1804269 configured=1870x1013
frame_acquired t_us=1804326 configured=1870x1013 texture=1870x1013
frame_presented t_us=1804533 configured=1870x1013
frame_acquired t_us=1804586 configured=1870x1013 texture=1870x1013
frame_presented t_us=1804791 configured=1870x1013
frame_acquired t_us=1804844 configured=1870x1013 texture=1870x1013
frame_presented t_us=1805047 configured=1870x1013
frame_acquired t_us=1805099 configured=1870x1013 texture=1870x1013
frame_presented t_us=1805307 configured=1870x1013
frame_acquired t_us=1805360 configured=1870x1013 texture=1870x1013
frame_presented t_us=1805565 configured=1870x1013
frame_acquired t_us=1805618 configured=1870x1013 texture=1870x1013
frame_presented t_us=1805820 configured=1870x1013
frame_acquired t_us=1805873 configured=1870x1013 texture=1870x1013
frame_presented t_us=1806075 configured=1870x1013
frame_acquired t_us=1806128 configured=1870x1013 texture=1870x1013
frame_presented t_us=1806342 configured=1870x1013
frame_acquired t_us=1806397 configured=1870x1013 texture=1870x1013
frame_presented t_us=1806603 configured=1870x1013
frame_acquired t_us=1806655 configured=1870x1013 texture=1870x1013
frame_presented t_us=1806858 configured=1870x1013
frame_acquired t_us=1806911 configured=1870x1013 texture=1870x1013
frame_presented t_us=1807115 configured=1870x1013
frame_acquired t_us=1807168 configured=1870x1013 texture=1870x1013
frame_presented t_us=1807377 configured=1870x1013
frame_acquired t_us=1807430 configured=1870x1013 texture=1870x1013
frame_presented t_us=1807633 configured=1870x1013
frame_acquired t_us=1807686 configured=1870x1013 texture=1870x1013
frame_presented t_us=1807887 configured=1870x1013
frame_acquired t_us=1807940 configured=1870x1013 texture=1870x1013
frame_presented t_us=1808142 configured=1870x1013
frame_acquired t_us=1808195 configured=1870x1013 texture=1870x1013
frame_presented t_us=1808402 configured=1870x1013
frame_acquired t_us=1808455 configured=1870x1013 texture=1870x1013
frame_presented t_us=1808656 configured=1870x1013
frame_acquired t_us=1808709 configured=1870x1013 texture=1870x1013
frame_presented t_us=1808911 configured=1870x1013
frame_acquired t_us=1808967 configured=1870x1013 texture=1870x1013
frame_presented t_us=1809172 configured=1870x1013
frame_acquired t_us=1809226 configured=1870x1013 texture=1870x1013
frame_presented t_us=1809434 configured=1870x1013
frame_acquired t_us=1809487 configured=1870x1013 texture=1870x1013
frame_presented t_us=1809691 configured=1870x1013
frame_acquired t_us=1809744 configured=1870x1013 texture=1870x1013
frame_presented t_us=1809946 configured=1870x1013
frame_acquired t_us=1809999 configured=1870x1013 texture=1870x1013
frame_presented t_us=1810201 configured=1870x1013
frame_acquired t_us=1810253 configured=1870x1013 texture=1870x1013
frame_presented t_us=1810462 configured=1870x1013
frame_acquired t_us=1810515 configured=1870x1013 texture=1870x1013
frame_presented t_us=1810716 configured=1870x1013
frame_acquired t_us=1810768 configured=1870x1013 texture=1870x1013
frame_presented t_us=1810970 configured=1870x1013
frame_acquired t_us=1811022 configured=1870x1013 texture=1870x1013
frame_presented t_us=1811224 configured=1870x1013
frame_acquired t_us=1811280 configured=1870x1013 texture=1870x1013
frame_presented t_us=1811492 configured=1870x1013
frame_acquired t_us=1811545 configured=1870x1013 texture=1870x1013
frame_presented t_us=1811749 configured=1870x1013
frame_acquired t_us=1811801 configured=1870x1013 texture=1870x1013
frame_presented t_us=1812002 configured=1870x1013
frame_acquired t_us=1812055 configured=1870x1013 texture=1870x1013
frame_presented t_us=1812256 configured=1870x1013
frame_acquired t_us=1812329 configured=1870x1013 texture=1870x1013
frame_presented t_us=1812539 configured=1870x1013
frame_acquired t_us=1812593 configured=1870x1013 texture=1870x1013
frame_presented t_us=1812822 configured=1870x1013
frame_acquired t_us=1812880 configured=1870x1013 texture=1870x1013
frame_presented t_us=1813093 configured=1870x1013
frame_acquired t_us=1813148 configured=1870x1013 texture=1870x1013
frame_presented t_us=1813361 configured=1870x1013
frame_acquired t_us=1813415 configured=1870x1013 texture=1870x1013
frame_presented t_us=1813605 configured=1870x1013
frame_acquired t_us=1813658 configured=1870x1013 texture=1870x1013
frame_presented t_us=1813875 configured=1870x1013
frame_acquired t_us=1813928 configured=1870x1013 texture=1870x1013
frame_presented t_us=1814136 configured=1870x1013
frame_acquired t_us=1814189 configured=1870x1013 texture=1870x1013
frame_presented t_us=1814399 configured=1870x1013
frame_acquired t_us=1814452 configured=1870x1013 texture=1870x1013
frame_presented t_us=1814655 configured=1870x1013
frame_acquired t_us=1814707 configured=1870x1013 texture=1870x1013
frame_presented t_us=1814909 configured=1870x1013
frame_acquired t_us=1814962 configured=1870x1013 texture=1870x1013
frame_presented t_us=1815164 configured=1870x1013
frame_acquired t_us=1815218 configured=1870x1013 texture=1870x1013
frame_presented t_us=1815436 configured=1870x1013
frame_acquired t_us=1815491 configured=1870x1013 texture=1870x1013
frame_presented t_us=1815698 configured=1870x1013
frame_acquired t_us=1815751 configured=1870x1013 texture=1870x1013
frame_presented t_us=1815953 configured=1870x1013
frame_acquired t_us=1816007 configured=1870x1013 texture=1870x1013
frame_presented t_us=1816209 configured=1870x1013
frame_acquired t_us=1816262 configured=1870x1013 texture=1870x1013
frame_presented t_us=1816477 configured=1870x1013
frame_acquired t_us=1816530 configured=1870x1013 texture=1870x1013
frame_presented t_us=1816732 configured=1870x1013
frame_acquired t_us=1816785 configured=1870x1013 texture=1870x1013
frame_presented t_us=1816986 configured=1870x1013
frame_acquired t_us=1817038 configured=1870x1013 texture=1870x1013
frame_presented t_us=1817239 configured=1870x1013
frame_acquired t_us=1817296 configured=1870x1013 texture=1870x1013
frame_presented t_us=1817500 configured=1870x1013
frame_acquired t_us=1817552 configured=1870x1013 texture=1870x1013
frame_presented t_us=1817753 configured=1870x1013
frame_acquired t_us=1817807 configured=1870x1013 texture=1870x1013
frame_presented t_us=1818008 configured=1870x1013
frame_acquired t_us=1818065 configured=1870x1013 texture=1870x1013
frame_presented t_us=1818267 configured=1870x1013
frame_acquired t_us=1818329 configured=1870x1013 texture=1870x1013
frame_presented t_us=1818545 configured=1870x1013
frame_acquired t_us=1818600 configured=1870x1013 texture=1870x1013
frame_presented t_us=1818805 configured=1870x1013
frame_acquired t_us=1818858 configured=1870x1013 texture=1870x1013
frame_presented t_us=1819061 configured=1870x1013
frame_acquired t_us=1819113 configured=1870x1013 texture=1870x1013
frame_presented t_us=1819324 configured=1870x1013
frame_acquired t_us=1819378 configured=1870x1013 texture=1870x1013
frame_presented t_us=1819583 configured=1870x1013
frame_acquired t_us=1819636 configured=1870x1013 texture=1870x1013
frame_presented t_us=1819839 configured=1870x1013
frame_acquired t_us=1819892 configured=1870x1013 texture=1870x1013
frame_presented t_us=1820094 configured=1870x1013
frame_acquired t_us=1820147 configured=1870x1013 texture=1870x1013
frame_presented t_us=1820358 configured=1870x1013
frame_acquired t_us=1820411 configured=1870x1013 texture=1870x1013
frame_presented t_us=1820614 configured=1870x1013
frame_acquired t_us=1820667 configured=1870x1013 texture=1870x1013
frame_presented t_us=1820869 configured=1870x1013
frame_acquired t_us=1820922 configured=1870x1013 texture=1870x1013
frame_presented t_us=1821123 configured=1870x1013
frame_acquired t_us=1821176 configured=1870x1013 texture=1870x1013
frame_presented t_us=1821387 configured=1870x1013
frame_acquired t_us=1821441 configured=1870x1013 texture=1870x1013
frame_presented t_us=1821645 configured=1870x1013
frame_acquired t_us=1821704 configured=1870x1013 texture=1870x1013
frame_presented t_us=1821921 configured=1870x1013
frame_acquired t_us=1821974 configured=1870x1013 texture=1870x1013
frame_presented t_us=1822178 configured=1870x1013
frame_acquired t_us=1822231 configured=1870x1013 texture=1870x1013
frame_presented t_us=1822502 configured=1870x1013
frame_acquired t_us=1822560 configured=1870x1013 texture=1870x1013
frame_presented t_us=1822768 configured=1870x1013
frame_acquired t_us=1822822 configured=1870x1013 texture=1870x1013
frame_presented t_us=1823026 configured=1870x1013
frame_acquired t_us=1823079 configured=1870x1013 texture=1870x1013
frame_presented t_us=1823289 configured=1870x1013
frame_acquired t_us=1823343 configured=1870x1013 texture=1870x1013
frame_presented t_us=1823550 configured=1870x1013
frame_acquired t_us=1823603 configured=1870x1013 texture=1870x1013
frame_presented t_us=1823806 configured=1870x1013
frame_acquired t_us=1823859 configured=1870x1013 texture=1870x1013
frame_presented t_us=1824062 configured=1870x1013
frame_acquired t_us=1824114 configured=1870x1013 texture=1870x1013
frame_presented t_us=1824325 configured=1870x1013
frame_acquired t_us=1824379 configured=1870x1013 texture=1870x1013
frame_presented t_us=1824584 configured=1870x1013
frame_acquired t_us=1824638 configured=1870x1013 texture=1870x1013
frame_presented t_us=1824841 configured=1870x1013
frame_acquired t_us=1824895 configured=1870x1013 texture=1870x1013
frame_presented t_us=1825098 configured=1870x1013
frame_acquired t_us=1825151 configured=1870x1013 texture=1870x1013
frame_presented t_us=1825359 configured=1870x1013
frame_acquired t_us=1825413 configured=1870x1013 texture=1870x1013
frame_presented t_us=1825615 configured=1870x1013
frame_acquired t_us=1825668 configured=1870x1013 texture=1870x1013
frame_presented t_us=1825870 configured=1870x1013
frame_acquired t_us=1825923 configured=1870x1013 texture=1870x1013
frame_presented t_us=1826126 configured=1870x1013
frame_acquired t_us=1826180 configured=1870x1013 texture=1870x1013
frame_presented t_us=1826391 configured=1870x1013
frame_acquired t_us=1826444 configured=1870x1013 texture=1870x1013
frame_presented t_us=1826646 configured=1870x1013
frame_acquired t_us=1826699 configured=1870x1013 texture=1870x1013
frame_presented t_us=1826901 configured=1870x1013
frame_acquired t_us=1826954 configured=1870x1013 texture=1870x1013
frame_presented t_us=1827156 configured=1870x1013
frame_acquired t_us=1827213 configured=1870x1013 texture=1870x1013
frame_presented t_us=1827427 configured=1870x1013
frame_acquired t_us=1827482 configured=1870x1013 texture=1870x1013
frame_presented t_us=1827685 configured=1870x1013
frame_acquired t_us=1827739 configured=1870x1013 texture=1870x1013
frame_presented t_us=1827941 configured=1870x1013
frame_acquired t_us=1827995 configured=1870x1013 texture=1870x1013
frame_presented t_us=1828198 configured=1870x1013
frame_acquired t_us=1828252 configured=1870x1013 texture=1870x1013
frame_presented t_us=1828464 configured=1870x1013
frame_acquired t_us=1828518 configured=1870x1013 texture=1870x1013
frame_presented t_us=1828721 configured=1870x1013
frame_acquired t_us=1828774 configured=1870x1013 texture=1870x1013
frame_presented t_us=1828977 configured=1870x1013
frame_acquired t_us=1829030 configured=1870x1013 texture=1870x1013
frame_presented t_us=1829234 configured=1870x1013
frame_acquired t_us=1829298 configured=1870x1013 texture=1870x1013
frame_presented t_us=1829504 configured=1870x1013
frame_acquired t_us=1829557 configured=1870x1013 texture=1870x1013
frame_presented t_us=1829759 configured=1870x1013
frame_acquired t_us=1829812 configured=1870x1013 texture=1870x1013
frame_presented t_us=1830015 configured=1870x1013
frame_acquired t_us=1830068 configured=1870x1013 texture=1870x1013
frame_presented t_us=1830252 configured=1870x1013
frame_acquired t_us=1830310 configured=1870x1013 texture=1870x1013
frame_presented t_us=1830525 configured=1870x1013
frame_acquired t_us=1830579 configured=1870x1013 texture=1870x1013
frame_presented t_us=1830786 configured=1870x1013
frame_acquired t_us=1830839 configured=1870x1013 texture=1870x1013
frame_presented t_us=1831043 configured=1870x1013
frame_acquired t_us=1831097 configured=1870x1013 texture=1870x1013
frame_presented t_us=1831307 configured=1870x1013
frame_acquired t_us=1831360 configured=1870x1013 texture=1870x1013
frame_presented t_us=1831566 configured=1870x1013
frame_acquired t_us=1831619 configured=1870x1013 texture=1870x1013
frame_presented t_us=1831822 configured=1870x1013
frame_acquired t_us=1831876 configured=1870x1013 texture=1870x1013
frame_presented t_us=1832077 configured=1870x1013
frame_acquired t_us=1832130 configured=1870x1013 texture=1870x1013
frame_presented t_us=1832339 configured=1870x1013
frame_acquired t_us=1832392 configured=1870x1013 texture=1870x1013
frame_presented t_us=1832595 configured=1870x1013
frame_acquired t_us=1832649 configured=1870x1013 texture=1870x1013
frame_presented t_us=1832851 configured=1870x1013
frame_acquired t_us=1832904 configured=1870x1013 texture=1870x1013
frame_presented t_us=1833106 configured=1870x1013
frame_acquired t_us=1833159 configured=1870x1013 texture=1870x1013
frame_presented t_us=1833370 configured=1870x1013
frame_acquired t_us=1833424 configured=1870x1013 texture=1870x1013
frame_presented t_us=1833627 configured=1870x1013
frame_acquired t_us=1833680 configured=1870x1013 texture=1870x1013
frame_presented t_us=1833883 configured=1870x1013
frame_acquired t_us=1833936 configured=1870x1013 texture=1870x1013
frame_presented t_us=1834139 configured=1870x1013
frame_acquired t_us=1834192 configured=1870x1013 texture=1870x1013
frame_presented t_us=1834401 configured=1870x1013
frame_acquired t_us=1834455 configured=1870x1013 texture=1870x1013
frame_presented t_us=1834658 configured=1870x1013
frame_acquired t_us=1834711 configured=1870x1013 texture=1870x1013
frame_presented t_us=1834914 configured=1870x1013
frame_acquired t_us=1834967 configured=1870x1013 texture=1870x1013
frame_presented t_us=1835169 configured=1870x1013
frame_acquired t_us=1835222 configured=1870x1013 texture=1870x1013
frame_presented t_us=1835432 configured=1870x1013
frame_acquired t_us=1835485 configured=1870x1013 texture=1870x1013
frame_presented t_us=1835688 configured=1870x1013
frame_acquired t_us=1835741 configured=1870x1013 texture=1870x1013
frame_presented t_us=1835943 configured=1870x1013
frame_acquired t_us=1835996 configured=1870x1013 texture=1870x1013
frame_presented t_us=1836199 configured=1870x1013
frame_acquired t_us=1836256 configured=1870x1013 texture=1870x1013
frame_presented t_us=1836473 configured=1870x1013
frame_acquired t_us=1836526 configured=1870x1013 texture=1870x1013
frame_presented t_us=1836729 configured=1870x1013
frame_acquired t_us=1836782 configured=1870x1013 texture=1870x1013
frame_presented t_us=1836984 configured=1870x1013
frame_acquired t_us=1837038 configured=1870x1013 texture=1870x1013
frame_presented t_us=1837240 configured=1870x1013
frame_acquired t_us=1837300 configured=1870x1013 texture=1870x1013
frame_presented t_us=1837505 configured=1870x1013
frame_acquired t_us=1837559 configured=1870x1013 texture=1870x1013
frame_presented t_us=1837763 configured=1870x1013
frame_acquired t_us=1837817 configured=1870x1013 texture=1870x1013
frame_presented t_us=1838021 configured=1870x1013
frame_acquired t_us=1838074 configured=1870x1013 texture=1870x1013
frame_presented t_us=1838280 configured=1870x1013
frame_acquired t_us=1838336 configured=1870x1013 texture=1870x1013
frame_presented t_us=1838540 configured=1870x1013
frame_acquired t_us=1838593 configured=1870x1013 texture=1870x1013
frame_presented t_us=1838795 configured=1870x1013
frame_acquired t_us=1838848 configured=1870x1013 texture=1870x1013
frame_presented t_us=1839051 configured=1870x1013
frame_acquired t_us=1839104 configured=1870x1013 texture=1870x1013
frame_presented t_us=1839314 configured=1870x1013
frame_acquired t_us=1839369 configured=1870x1013 texture=1870x1013
frame_presented t_us=1839577 configured=1870x1013
frame_acquired t_us=1839630 configured=1870x1013 texture=1870x1013
frame_presented t_us=1839833 configured=1870x1013
frame_acquired t_us=1839886 configured=1870x1013 texture=1870x1013
frame_presented t_us=1840090 configured=1870x1013
frame_acquired t_us=1840144 configured=1870x1013 texture=1870x1013
frame_presented t_us=1840350 configured=1870x1013
frame_acquired t_us=1840404 configured=1870x1013 texture=1870x1013
frame_presented t_us=1840607 configured=1870x1013
frame_acquired t_us=1840660 configured=1870x1013 texture=1870x1013
frame_presented t_us=1840861 configured=1870x1013
frame_acquired t_us=1840915 configured=1870x1013 texture=1870x1013
frame_presented t_us=1841116 configured=1870x1013
frame_acquired t_us=1841170 configured=1870x1013 texture=1870x1013
frame_presented t_us=1841375 configured=1870x1013
frame_acquired t_us=1841429 configured=1870x1013 texture=1870x1013
frame_presented t_us=1841631 configured=1870x1013
frame_acquired t_us=1841685 configured=1870x1013 texture=1870x1013
frame_presented t_us=1841888 configured=1870x1013
frame_acquired t_us=1841941 configured=1870x1013 texture=1870x1013
frame_presented t_us=1842143 configured=1870x1013
frame_acquired t_us=1842196 configured=1870x1013 texture=1870x1013
frame_presented t_us=1842404 configured=1870x1013
frame_acquired t_us=1842458 configured=1870x1013 texture=1870x1013
frame_presented t_us=1842660 configured=1870x1013
frame_acquired t_us=1842714 configured=1870x1013 texture=1870x1013
frame_presented t_us=1842916 configured=1870x1013
frame_acquired t_us=1842970 configured=1870x1013 texture=1870x1013
frame_presented t_us=1843173 configured=1870x1013
frame_acquired t_us=1843226 configured=1870x1013 texture=1870x1013
frame_presented t_us=1843432 configured=1870x1013
frame_acquired t_us=1843486 configured=1870x1013 texture=1870x1013
frame_presented t_us=1843688 configured=1870x1013
frame_acquired t_us=1843741 configured=1870x1013 texture=1870x1013
frame_presented t_us=1843943 configured=1870x1013
frame_acquired t_us=1843996 configured=1870x1013 texture=1870x1013
frame_presented t_us=1844197 configured=1870x1013
frame_acquired t_us=1844251 configured=1870x1013 texture=1870x1013
frame_presented t_us=1844458 configured=1870x1013
frame_acquired t_us=1844512 configured=1870x1013 texture=1870x1013
frame_presented t_us=1844714 configured=1870x1013
frame_acquired t_us=1844767 configured=1870x1013 texture=1870x1013
frame_presented t_us=1844968 configured=1870x1013
frame_acquired t_us=1845021 configured=1870x1013 texture=1870x1013
frame_presented t_us=1845223 configured=1870x1013
frame_acquired t_us=1845284 configured=1870x1013 texture=1870x1013
frame_presented t_us=1845493 configured=1870x1013
frame_acquired t_us=1845546 configured=1870x1013 texture=1870x1013
frame_presented t_us=1845751 configured=1870x1013
frame_acquired t_us=1845804 configured=1870x1013 texture=1870x1013
frame_presented t_us=1846007 configured=1870x1013
frame_acquired t_us=1846060 configured=1870x1013 texture=1870x1013
frame_presented t_us=1846262 configured=1870x1013
frame_acquired t_us=1846334 configured=1870x1013 texture=1870x1013
frame_presented t_us=1846542 configured=1870x1013
frame_acquired t_us=1846596 configured=1870x1013 texture=1870x1013
frame_presented t_us=1846799 configured=1870x1013
frame_acquired t_us=1846853 configured=1870x1013 texture=1870x1013
frame_presented t_us=1847055 configured=1870x1013
frame_acquired t_us=1847109 configured=1870x1013 texture=1870x1013
frame_presented t_us=1847316 configured=1870x1013
frame_acquired t_us=1847370 configured=1870x1013 texture=1870x1013
frame_presented t_us=1847572 configured=1870x1013
frame_acquired t_us=1847626 configured=1870x1013 texture=1870x1013
frame_presented t_us=1847829 configured=1870x1013
frame_acquired t_us=1847882 configured=1870x1013 texture=1870x1013
frame_presented t_us=1848085 configured=1870x1013
frame_acquired t_us=1848138 configured=1870x1013 texture=1870x1013
frame_presented t_us=1848347 configured=1870x1013
frame_acquired t_us=1848400 configured=1870x1013 texture=1870x1013
frame_presented t_us=1848604 configured=1870x1013
frame_acquired t_us=1848657 configured=1870x1013 texture=1870x1013
frame_presented t_us=1848860 configured=1870x1013
frame_acquired t_us=1848914 configured=1870x1013 texture=1870x1013
frame_presented t_us=1849116 configured=1870x1013
frame_acquired t_us=1849170 configured=1870x1013 texture=1870x1013
frame_presented t_us=1849377 configured=1870x1013
frame_acquired t_us=1849430 configured=1870x1013 texture=1870x1013
frame_presented t_us=1849632 configured=1870x1013
frame_acquired t_us=1849686 configured=1870x1013 texture=1870x1013
frame_presented t_us=1849889 configured=1870x1013
frame_acquired t_us=1849942 configured=1870x1013 texture=1870x1013
frame_presented t_us=1850144 configured=1870x1013
frame_acquired t_us=1850197 configured=1870x1013 texture=1870x1013
frame_presented t_us=1850424 configured=1870x1013
frame_acquired t_us=1850479 configured=1870x1013 texture=1870x1013
frame_presented t_us=1850684 configured=1870x1013
frame_acquired t_us=1850737 configured=1870x1013 texture=1870x1013
frame_presented t_us=1850941 configured=1870x1013
frame_acquired t_us=1850995 configured=1870x1013 texture=1870x1013
frame_presented t_us=1851197 configured=1870x1013
frame_acquired t_us=1851251 configured=1870x1013 texture=1870x1013
frame_presented t_us=1851464 configured=1870x1013
frame_acquired t_us=1851518 configured=1870x1013 texture=1870x1013
frame_presented t_us=1851722 configured=1870x1013
frame_acquired t_us=1851775 configured=1870x1013 texture=1870x1013
frame_presented t_us=1851978 configured=1870x1013
frame_acquired t_us=1852031 configured=1870x1013 texture=1870x1013
frame_presented t_us=1852234 configured=1870x1013
frame_acquired t_us=1852301 configured=1870x1013 texture=1870x1013
frame_presented t_us=1852508 configured=1870x1013
frame_acquired t_us=1852562 configured=1870x1013 texture=1870x1013
frame_presented t_us=1852765 configured=1870x1013
frame_acquired t_us=1852819 configured=1870x1013 texture=1870x1013
frame_presented t_us=1853022 configured=1870x1013
frame_acquired t_us=1853075 configured=1870x1013 texture=1870x1013
frame_presented t_us=1853283 configured=1870x1013
frame_acquired t_us=1853336 configured=1870x1013 texture=1870x1013
frame_presented t_us=1853543 configured=1870x1013
frame_acquired t_us=1853596 configured=1870x1013 texture=1870x1013
frame_presented t_us=1853800 configured=1870x1013
frame_acquired t_us=1853854 configured=1870x1013 texture=1870x1013
frame_presented t_us=1854057 configured=1870x1013
frame_acquired t_us=1854111 configured=1870x1013 texture=1870x1013
frame_presented t_us=1854319 configured=1870x1013
frame_acquired t_us=1854372 configured=1870x1013 texture=1870x1013
frame_presented t_us=1854580 configured=1870x1013
frame_acquired t_us=1854634 configured=1870x1013 texture=1870x1013
frame_presented t_us=1854837 configured=1870x1013
frame_acquired t_us=1854890 configured=1870x1013 texture=1870x1013
frame_presented t_us=1855093 configured=1870x1013
frame_acquired t_us=1855146 configured=1870x1013 texture=1870x1013
frame_presented t_us=1855374 configured=1870x1013
frame_acquired t_us=1855427 configured=1870x1013 texture=1870x1013
frame_presented t_us=1855631 configured=1870x1013
frame_acquired t_us=1855684 configured=1870x1013 texture=1870x1013
frame_presented t_us=1855885 configured=1870x1013
frame_acquired t_us=1855939 configured=1870x1013 texture=1870x1013
frame_presented t_us=1856141 configured=1870x1013
frame_acquired t_us=1856195 configured=1870x1013 texture=1870x1013
frame_presented t_us=1856402 configured=1870x1013
frame_acquired t_us=1856456 configured=1870x1013 texture=1870x1013
frame_presented t_us=1856659 configured=1870x1013
frame_acquired t_us=1856713 configured=1870x1013 texture=1870x1013
frame_presented t_us=1856915 configured=1870x1013
frame_acquired t_us=1856968 configured=1870x1013 texture=1870x1013
frame_presented t_us=1857170 configured=1870x1013
frame_acquired t_us=1857224 configured=1870x1013 texture=1870x1013
frame_presented t_us=1857432 configured=1870x1013
frame_acquired t_us=1857486 configured=1870x1013 texture=1870x1013
frame_presented t_us=1857690 configured=1870x1013
frame_acquired t_us=1857744 configured=1870x1013 texture=1870x1013
frame_presented t_us=1857947 configured=1870x1013
frame_acquired t_us=1858000 configured=1870x1013 texture=1870x1013
frame_presented t_us=1858202 configured=1870x1013
frame_acquired t_us=1858256 configured=1870x1013 texture=1870x1013
frame_presented t_us=1858464 configured=1870x1013
frame_acquired t_us=1858517 configured=1870x1013 texture=1870x1013
frame_presented t_us=1858720 configured=1870x1013
frame_acquired t_us=1858773 configured=1870x1013 texture=1870x1013
frame_presented t_us=1858976 configured=1870x1013
frame_acquired t_us=1859029 configured=1870x1013 texture=1870x1013
frame_presented t_us=1859232 configured=1870x1013
frame_acquired t_us=1859290 configured=1870x1013 texture=1870x1013
frame_presented t_us=1859493 configured=1870x1013
frame_acquired t_us=1859547 configured=1870x1013 texture=1870x1013
frame_presented t_us=1859750 configured=1870x1013
frame_acquired t_us=1859803 configured=1870x1013 texture=1870x1013
frame_presented t_us=1860007 configured=1870x1013
frame_acquired t_us=1860061 configured=1870x1013 texture=1870x1013
frame_presented t_us=1860264 configured=1870x1013
frame_acquired t_us=1860327 configured=1870x1013 texture=1870x1013
frame_presented t_us=1860533 configured=1870x1013
frame_acquired t_us=1860586 configured=1870x1013 texture=1870x1013
frame_presented t_us=1860789 configured=1870x1013
frame_acquired t_us=1860841 configured=1870x1013 texture=1870x1013
frame_presented t_us=1861044 configured=1870x1013
frame_acquired t_us=1861097 configured=1870x1013 texture=1870x1013
frame_presented t_us=1861304 configured=1870x1013
frame_acquired t_us=1861357 configured=1870x1013 texture=1870x1013
frame_presented t_us=1861559 configured=1870x1013
frame_acquired t_us=1861612 configured=1870x1013 texture=1870x1013
frame_presented t_us=1861814 configured=1870x1013
frame_acquired t_us=1861867 configured=1870x1013 texture=1870x1013
frame_presented t_us=1862069 configured=1870x1013
frame_acquired t_us=1862122 configured=1870x1013 texture=1870x1013
frame_presented t_us=1862329 configured=1870x1013
frame_acquired t_us=1862382 configured=1870x1013 texture=1870x1013
frame_presented t_us=1862584 configured=1870x1013
frame_acquired t_us=1862637 configured=1870x1013 texture=1870x1013
frame_presented t_us=1862838 configured=1870x1013
frame_acquired t_us=1862891 configured=1870x1013 texture=1870x1013
frame_presented t_us=1863093 configured=1870x1013
frame_acquired t_us=1863146 configured=1870x1013 texture=1870x1013
frame_presented t_us=1863355 configured=1870x1013
frame_acquired t_us=1863409 configured=1870x1013 texture=1870x1013
frame_presented t_us=1863619 configured=1870x1013
frame_acquired t_us=1863672 configured=1870x1013 texture=1870x1013
frame_presented t_us=1863878 configured=1870x1013
frame_acquired t_us=1863932 configured=1870x1013 texture=1870x1013
frame_presented t_us=1864135 configured=1870x1013
frame_acquired t_us=1864188 configured=1870x1013 texture=1870x1013
frame_presented t_us=1864397 configured=1870x1013
frame_acquired t_us=1864450 configured=1870x1013 texture=1870x1013
frame_presented t_us=1864652 configured=1870x1013
frame_acquired t_us=1864705 configured=1870x1013 texture=1870x1013
frame_presented t_us=1864908 configured=1870x1013
frame_acquired t_us=1864962 configured=1870x1013 texture=1870x1013
frame_presented t_us=1865163 configured=1870x1013
frame_acquired t_us=1865217 configured=1870x1013 texture=1870x1013
frame_presented t_us=1865423 configured=1870x1013
frame_acquired t_us=1865476 configured=1870x1013 texture=1870x1013
frame_presented t_us=1865678 configured=1870x1013
frame_acquired t_us=1865731 configured=1870x1013 texture=1870x1013
frame_presented t_us=1865934 configured=1870x1013
frame_acquired t_us=1865988 configured=1870x1013 texture=1870x1013
frame_presented t_us=1866191 configured=1870x1013
frame_acquired t_us=1866244 configured=1870x1013 texture=1870x1013
frame_presented t_us=1866452 configured=1870x1013
frame_acquired t_us=1866505 configured=1870x1013 texture=1870x1013
frame_presented t_us=1866707 configured=1870x1013
frame_acquired t_us=1866760 configured=1870x1013 texture=1870x1013
frame_presented t_us=1866962 configured=1870x1013
frame_acquired t_us=1867016 configured=1870x1013 texture=1870x1013
frame_presented t_us=1867218 configured=1870x1013
frame_acquired t_us=1867271 configured=1870x1013 texture=1870x1013
frame_presented t_us=1867480 configured=1870x1013
frame_acquired t_us=1867533 configured=1870x1013 texture=1870x1013
frame_presented t_us=1867735 configured=1870x1013
frame_acquired t_us=1867789 configured=1870x1013 texture=1870x1013
frame_presented t_us=1867992 configured=1870x1013
frame_acquired t_us=1868045 configured=1870x1013 texture=1870x1013
frame_presented t_us=1868248 configured=1870x1013
frame_acquired t_us=1868317 configured=1870x1013 texture=1870x1013
frame_presented t_us=1868531 configured=1870x1013
frame_acquired t_us=1868586 configured=1870x1013 texture=1870x1013
frame_presented t_us=1868793 configured=1870x1013
frame_acquired t_us=1868847 configured=1870x1013 texture=1870x1013
frame_presented t_us=1869051 configured=1870x1013
frame_acquired t_us=1869104 configured=1870x1013 texture=1870x1013
frame_presented t_us=1869311 configured=1870x1013
frame_acquired t_us=1869365 configured=1870x1013 texture=1870x1013
frame_presented t_us=1869569 configured=1870x1013
frame_acquired t_us=1869622 configured=1870x1013 texture=1870x1013
frame_presented t_us=1869825 configured=1870x1013
frame_acquired t_us=1869878 configured=1870x1013 texture=1870x1013
frame_presented t_us=1870081 configured=1870x1013
frame_acquired t_us=1870134 configured=1870x1013 texture=1870x1013
frame_presented t_us=1870342 configured=1870x1013
frame_acquired t_us=1870395 configured=1870x1013 texture=1870x1013
frame_presented t_us=1870598 configured=1870x1013
frame_acquired t_us=1870651 configured=1870x1013 texture=1870x1013
frame_presented t_us=1870853 configured=1870x1013
frame_acquired t_us=1870906 configured=1870x1013 texture=1870x1013
frame_presented t_us=1871108 configured=1870x1013
frame_acquired t_us=1871161 configured=1870x1013 texture=1870x1013
frame_presented t_us=1871369 configured=1870x1013
frame_acquired t_us=1871422 configured=1870x1013 texture=1870x1013
frame_presented t_us=1871627 configured=1870x1013
frame_acquired t_us=1871680 configured=1870x1013 texture=1870x1013
frame_presented t_us=1871883 configured=1870x1013
frame_acquired t_us=1871936 configured=1870x1013 texture=1870x1013
frame_presented t_us=1872140 configured=1870x1013
frame_acquired t_us=1872194 configured=1870x1013 texture=1870x1013
frame_presented t_us=1872455 configured=1870x1013
frame_acquired t_us=1872511 configured=1870x1013 texture=1870x1013
frame_presented t_us=1872723 configured=1870x1013
frame_acquired t_us=1872776 configured=1870x1013 texture=1870x1013
frame_presented t_us=1872979 configured=1870x1013
frame_acquired t_us=1873031 configured=1870x1013 texture=1870x1013
frame_presented t_us=1873234 configured=1870x1013
resize_event t_us=3333655 event=800x600 configured=1870x1013 scale=1
surface_configured t_us=3334703 configured=800x600
frame_acquired t_us=3337772 configured=800x600 texture=800x600
frame_presented t_us=3338789 configured=800x600
frame_acquired t_us=3338849 configured=800x600 texture=800x600
frame_presented t_us=3339122 configured=800x600
frame_acquired t_us=3339170 configured=800x600 texture=800x600
frame_presented t_us=3339396 configured=800x600
frame_acquired t_us=3339443 configured=800x600 texture=800x600
frame_presented t_us=3339699 configured=800x600
frame_acquired t_us=3339801 configured=800x600 texture=800x600
frame_presented t_us=3340051 configured=800x600
frame_acquired t_us=3340593 configured=800x600 texture=800x600
frame_presented t_us=3340853 configured=800x600
frame_acquired t_us=3340922 configured=800x600 texture=800x600
frame_presented t_us=3341120 configured=800x600
frame_acquired t_us=3341174 configured=800x600 texture=800x600
frame_presented t_us=3341369 configured=800x600
frame_acquired t_us=3341655 configured=800x600 texture=800x600
frame_presented t_us=3341885 configured=800x600
frame_acquired t_us=3341941 configured=800x600 texture=800x600
frame_presented t_us=3342162 configured=800x600
frame_acquired t_us=3342215 configured=800x600 texture=800x600
frame_presented t_us=3342440 configured=800x600
frame_acquired t_us=3342494 configured=800x600 texture=800x600
frame_presented t_us=3342703 configured=800x600
frame_acquired t_us=3342756 configured=800x600 texture=800x600
frame_presented t_us=3342962 configured=800x600
frame_acquired t_us=3343015 configured=800x600 texture=800x600
frame_presented t_us=3343221 configured=800x600
frame_acquired t_us=3343274 configured=800x600 texture=800x600
frame_presented t_us=3343487 configured=800x600
frame_acquired t_us=3343541 configured=800x600 texture=800x600
frame_presented t_us=3343747 configured=800x600
frame_acquired t_us=3343800 configured=800x600 texture=800x600
frame_presented t_us=3344014 configured=800x600
frame_acquired t_us=3344084 configured=800x600 texture=800x600
frame_presented t_us=3344425 configured=800x600
frame_acquired t_us=3344488 configured=800x600 texture=800x600
frame_presented t_us=3344705 configured=800x600
frame_acquired t_us=3344759 configured=800x600 texture=800x600
frame_presented t_us=3344967 configured=800x600
frame_acquired t_us=3345020 configured=800x600 texture=800x600
frame_presented t_us=3345226 configured=800x600
frame_acquired t_us=3345283 configured=800x600 texture=800x600
frame_presented t_us=3345492 configured=800x600
frame_acquired t_us=3345546 configured=800x600 texture=800x600
frame_presented t_us=3345750 configured=800x600
frame_acquired t_us=3345803 configured=800x600 texture=800x600
frame_presented t_us=3346008 configured=800x600
frame_acquired t_us=3346060 configured=800x600 texture=800x600
frame_presented t_us=3346264 configured=800x600
frame_acquired t_us=3346326 configured=800x600 texture=800x600
frame_presented t_us=3346535 configured=800x600
frame_acquired t_us=3346588 configured=800x600 texture=800x600
frame_presented t_us=3346791 configured=800x600
frame_acquired t_us=3346844 configured=800x600 texture=800x600
frame_presented t_us=3347046 configured=800x600
frame_acquired t_us=3347099 configured=800x600 texture=800x600
frame_presented t_us=3347308 configured=800x600
frame_acquired t_us=3347362 configured=800x600 texture=800x600
frame_presented t_us=3347572 configured=800x600
frame_acquired t_us=3347625 configured=800x600 texture=800x600
frame_presented t_us=3347829 configured=800x600
frame_acquired t_us=3347882 configured=800x600 texture=800x600
frame_presented t_us=3348085 configured=800x600
frame_acquired t_us=3348138 configured=800x600 texture=800x600
frame_presented t_us=3348354 configured=800x600
frame_acquired t_us=3348414 configured=800x600 texture=800x600
frame_presented t_us=3348622 configured=800x600
frame_acquired t_us=3348675 configured=800x600 texture=800x600
frame_presented t_us=3348878 configured=800x600
frame_acquired t_us=3348931 configured=800x600 texture=800x600
frame_presented t_us=3349134 configured=800x600
frame_acquired t_us=3349187 configured=800x600 texture=800x600
frame_presented t_us=3349400 configured=800x600
frame_acquired t_us=3349454 configured=800x600 texture=800x600
frame_presented t_us=3349660 configured=800x600
frame_acquired t_us=3349712 configured=800x600 texture=800x600
frame_presented t_us=3349915 configured=800x600
frame_acquired t_us=3349968 configured=800x600 texture=800x600
frame_presented t_us=3350171 configured=800x600
frame_acquired t_us=3350223 configured=800x600 texture=800x600
frame_presented t_us=3350430 configured=800x600
frame_acquired t_us=3350483 configured=800x600 texture=800x600
frame_presented t_us=3350685 configured=800x600
frame_acquired t_us=3350738 configured=800x600 texture=800x600
frame_presented t_us=3350940 configured=800x600
frame_acquired t_us=3350992 configured=800x600 texture=800x600
frame_presented t_us=3351195 configured=800x600
frame_acquired t_us=3351247 configured=800x600 texture=800x600
frame_presented t_us=3351455 configured=800x600
frame_acquired t_us=3351508 configured=800x600 texture=800x600
frame_presented t_us=3351718 configured=800x600
frame_acquired t_us=3351775 configured=800x600 texture=800x600
frame_presented t_us=3351991 configured=800x600
frame_acquired t_us=3352048 configured=800x600 texture=800x600
frame_presented t_us=3352264 configured=800x600
frame_acquired t_us=3352325 configured=800x600 texture=800x600
frame_presented t_us=3352541 configured=800x600
frame_acquired t_us=3352595 configured=800x600 texture=800x600
frame_presented t_us=3352786 configured=800x600
frame_acquired t_us=3352838 configured=800x600 texture=800x600
frame_presented t_us=3353049 configured=800x600
frame_acquired t_us=3353106 configured=800x600 texture=800x600
frame_presented t_us=3353316 configured=800x600
frame_acquired t_us=3353374 configured=800x600 texture=800x600
frame_presented t_us=3353577 configured=800x600
frame_acquired t_us=3353634 configured=800x600 texture=800x600
frame_presented t_us=3353837 configured=800x600
frame_acquired t_us=3353893 configured=800x600 texture=800x600
frame_presented t_us=3354095 configured=800x600
frame_acquired t_us=3354151 configured=800x600 texture=800x600
frame_presented t_us=3354361 configured=800x600
frame_acquired t_us=3354419 configured=800x600 texture=800x600
frame_presented t_us=3354624 configured=800x600
frame_acquired t_us=3354681 configured=800x600 texture=800x600
frame_presented t_us=3354882 configured=800x600
frame_acquired t_us=3354939 configured=800x600 texture=800x600
frame_presented t_us=3355139 configured=800x600
frame_acquired t_us=3355196 configured=800x600 texture=800x600
frame_presented t_us=3355412 configured=800x600
frame_acquired t_us=3355470 configured=800x600 texture=800x600
frame_presented t_us=3355671 configured=800x600
frame_acquired t_us=3355728 configured=800x600 texture=800x600
frame_presented t_us=3355928 configured=800x600
frame_acquired t_us=3355985 configured=800x600 texture=800x600
frame_presented t_us=3356185 configured=800x600
frame_acquired t_us=3356242 configured=800x600 texture=800x600
frame_presented t_us=3356452 configured=800x600
frame_acquired t_us=3356509 configured=800x600 texture=800x600
frame_presented t_us=3356711 configured=800x600
frame_acquired t_us=3356768 configured=800x600 texture=800x600
frame_presented t_us=3356969 configured=800x600
frame_acquired t_us=3357025 configured=800x600 texture=800x600
frame_presented t_us=3357235 configured=800x600
frame_acquired t_us=3357300 configured=800x600 texture=800x600
frame_presented t_us=3357508 configured=800x600
frame_acquired t_us=3357565 configured=800x600 texture=800x600
frame_presented t_us=3357767 configured=800x600
frame_acquired t_us=3357824 configured=800x600 texture=800x600
frame_presented t_us=3358032 configured=800x600
frame_acquired t_us=3358092 configured=800x600 texture=800x600
frame_presented t_us=3358302 configured=800x600
frame_acquired t_us=3358361 configured=800x600 texture=800x600
frame_presented t_us=3358563 configured=800x600
frame_acquired t_us=3358620 configured=800x600 texture=800x600
frame_presented t_us=3358822 configured=800x600
frame_acquired t_us=3358879 configured=800x600 texture=800x600
frame_presented t_us=3359079 configured=800x600
frame_acquired t_us=3359136 configured=800x600 texture=800x600
frame_presented t_us=3359342 configured=800x600
frame_acquired t_us=3359399 configured=800x600 texture=800x600
frame_presented t_us=3359600 configured=800x600
frame_acquired t_us=3359657 configured=800x600 texture=800x600
frame_presented t_us=3359856 configured=800x600
frame_acquired t_us=3359914 configured=800x600 texture=800x600
frame_presented t_us=3360113 configured=800x600
frame_acquired t_us=3360170 configured=800x600 texture=800x600
frame_presented t_us=3360375 configured=800x600
frame_acquired t_us=3360433 configured=800x600 texture=800x600
frame_presented t_us=3360633 configured=800x600
frame_acquired t_us=3360690 configured=800x600 texture=800x600
frame_presented t_us=3360889 configured=800x600
frame_acquired t_us=3360946 configured=800x600 texture=800x600
frame_presented t_us=3361146 configured=800x600
frame_acquired t_us=3361203 configured=800x600 texture=800x600
frame_presented t_us=3361408 configured=800x600
frame_acquired t_us=3361466 configured=800x600 texture=800x600
frame_presented t_us=3361667 configured=800x600
frame_acquired t_us=3361726 configured=800x600 texture=800x600
frame_presented t_us=3361928 configured=800x600
frame_acquired t_us=3361985 configured=800x600 texture=800x600
frame_presented t_us=3362186 configured=800x600
frame_acquired t_us=3362243 configured=800x600 texture=800x600
frame_presented t_us=3362449 configured=800x600
frame_acquired t_us=3362506 configured=800x600 texture=800x600
frame_presented t_us=3362708 configured=800x600
frame_acquired t_us=3362765 configured=800x600 texture=800x600
frame_presented t_us=3362965 configured=800x600
frame_acquired t_us=3363022 configured=800x600 texture=800x600
frame_presented t_us=3363224 configured=800x600
frame_acquired t_us=3363301 configured=800x600 texture=800x600
frame_presented t_us=3363511 configured=800x600
frame_acquired t_us=3363570 configured=800x600 texture=800x600
frame_presented t_us=3363774 configured=800x600
frame_acquired t_us=3363831 configured=800x600 texture=800x600
frame_presented t_us=3364032 configured=800x600
frame_acquired t_us=3364089 configured=800x600 texture=800x600
frame_presented t_us=3364293 configured=800x600
frame_acquired t_us=3364351 configured=800x600 texture=800x600
frame_presented t_us=3364552 configured=800x600
frame_acquired t_us=3364606 configured=800x600 texture=800x600
frame_presented t_us=3364810 configured=800x600
frame_acquired t_us=3364863 configured=800x600 texture=800x600
frame_presented t_us=3365081 configured=800x600
frame_acquired t_us=3365176 configured=800x600 texture=800x600
frame_presented t_us=3365401 configured=800x600
frame_acquired t_us=3365458 configured=800x600 texture=800x600
frame_presented t_us=3365662 configured=800x600
frame_acquired t_us=3365718 configured=800x600 texture=800x600
frame_presented t_us=3365919 configured=800x600
frame_acquired t_us=3365976 configured=800x600 texture=800x600
frame_presented t_us=3366186 configured=800x600
frame_acquired t_us=3366244 configured=800x600 texture=800x600
frame_presented t_us=3366455 configured=800x600
frame_acquired t_us=3366514 configured=800x600 texture=800x600
frame_presented t_us=3366719 configured=800x600
frame_acquired t_us=3366775 configured=800x600 texture=800x600
frame_presented t_us=3366978 configured=800x600
frame_acquired t_us=3367035 configured=800x600 texture=800x600
frame_presented t_us=3367242 configured=800x600
frame_acquired t_us=3367308 configured=800x600 texture=800x600
frame_presented t_us=3367514 configured=800x600
frame_acquired t_us=3367571 configured=800x600 texture=800x600
frame_presented t_us=3367779 configured=800x600
frame_acquired t_us=3367836 configured=800x600 texture=800x600
frame_presented t_us=3368040 configured=800x600
frame_acquired t_us=3368097 configured=800x600 texture=800x600
frame_presented t_us=3368305 configured=800x600
frame_acquired t_us=3368366 configured=800x600 texture=800x600
frame_presented t_us=3368581 configured=800x600
frame_acquired t_us=3368643 configured=800x600 texture=800x600
frame_presented t_us=3368933 configured=800x600
frame_acquired t_us=3369036 configured=800x600 texture=800x600
frame_presented t_us=3369294 configured=800x600
frame_acquired t_us=3369365 configured=800x600 texture=800x600
frame_presented t_us=3369627 configured=800x600
frame_acquired t_us=3369705 configured=800x600 texture=800x600
frame_presented t_us=3369958 configured=800x600
frame_acquired t_us=3370038 configured=800x600 texture=800x600
frame_presented t_us=3370301 configured=800x600
frame_acquired t_us=3370376 configured=800x600 texture=800x600
frame_presented t_us=3370611 configured=800x600
frame_acquired t_us=3370684 configured=800x600 texture=800x600
frame_presented t_us=3370911 configured=800x600
frame_acquired t_us=3370982 configured=800x600 texture=800x600
frame_presented t_us=3371206 configured=800x600
frame_acquired t_us=3371281 configured=800x600 texture=800x600
frame_presented t_us=3371518 configured=800x600
frame_acquired t_us=3371591 configured=800x600 texture=800x600
frame_presented t_us=3371820 configured=800x600
frame_acquired t_us=3371892 configured=800x600 texture=800x600
frame_presented t_us=3372116 configured=800x600
frame_acquired t_us=3372186 configured=800x600 texture=800x600
frame_presented t_us=3372418 configured=800x600
frame_acquired t_us=3372491 configured=800x600 texture=800x600
frame_presented t_us=3372718 configured=800x600
frame_acquired t_us=3372789 configured=800x600 texture=800x600
frame_presented t_us=3373012 configured=800x600
frame_acquired t_us=3373082 configured=800x600 texture=800x600
frame_presented t_us=3373325 configured=800x600
frame_acquired t_us=3373399 configured=800x600 texture=800x600
frame_presented t_us=3373624 configured=800x600
frame_acquired t_us=3373696 configured=800x600 texture=800x600
frame_presented t_us=3373916 configured=800x600
frame_acquired t_us=3373987 configured=800x600 texture=800x600
frame_presented t_us=3374208 configured=800x600
frame_acquired t_us=3374285 configured=800x600 texture=800x600
frame_presented t_us=3374522 configured=800x600
frame_acquired t_us=3374593 configured=800x600 texture=800x600
frame_presented t_us=3374817 configured=800x600
frame_acquired t_us=3374887 configured=800x600 texture=800x600
frame_presented t_us=3375113 configured=800x600
frame_acquired t_us=3375182 configured=800x600 texture=800x600
frame_presented t_us=3375439 configured=800x600
frame_acquired t_us=3375530 configured=800x600 texture=800x600
frame_presented t_us=3375866 configured=800x600
frame_acquired t_us=3375939 configured=800x600 texture=800x600
frame_presented t_us=3376169 configured=800x600
frame_acquired t_us=3376239 configured=800x600 texture=800x600
frame_presented t_us=3376477 configured=800x600
frame_acquired t_us=3376551 configured=800x600 texture=800x600
frame_presented t_us=3376776 configured=800x600
frame_acquired t_us=3376847 configured=800x600 texture=800x600
frame_presented t_us=3377070 configured=800x600
frame_acquired t_us=3377141 configured=800x600 texture=800x600
frame_presented t_us=3377369 configured=800x600
frame_acquired t_us=3377439 configured=800x600 texture=800x600
frame_presented t_us=3377665 configured=800x600
frame_acquired t_us=3377735 configured=800x600 texture=800x600
frame_presented t_us=3377957 configured=800x600
frame_acquired t_us=3378027 configured=800x600 texture=800x600
frame_presented t_us=3378252 configured=800x600
frame_acquired t_us=3378327 configured=800x600 texture=800x600
frame_presented t_us=3378555 configured=800x600
frame_acquired t_us=3378626 configured=800x600 texture=800x600
frame_presented t_us=3378848 configured=800x600
frame_acquired t_us=3378918 configured=800x600 texture=800x600
frame_presented t_us=3379146 configured=800x600
frame_acquired t_us=3379217 configured=800x600 texture=800x600
frame_presented t_us=3379443 configured=800x600
frame_acquired t_us=3379514 configured=800x600 texture=800x600
frame_presented t_us=3379735 configured=800x600
frame_acquired t_us=3379806 configured=800x600 texture=800x600
frame_presented t_us=3380029 configured=800x600
frame_acquired t_us=3380098 configured=800x600 texture=800x600
frame_presented t_us=3380324 configured=800x600
frame_acquired t_us=3380395 configured=800x600 texture=800x600
frame_presented t_us=3380620 configured=800x600
frame_acquired t_us=3380691 configured=800x600 texture=800x600
frame_presented t_us=3380914 configured=800x600
frame_acquired t_us=3380984 configured=800x600 texture=800x600
frame_presented t_us=3381210 configured=800x600
frame_acquired t_us=3381287 configured=800x600 texture=800x600
frame_presented t_us=3381607 configured=800x600
frame_acquired t_us=3381686 configured=800x600 texture=800x600
frame_presented t_us=3382035 configured=800x600
frame_acquired t_us=3382140 configured=800x600 texture=800x600
frame_presented t_us=3382418 configured=800x600
frame_acquired t_us=3382493 configured=800x600 texture=800x600
frame_presented t_us=3382730 configured=800x600
frame_acquired t_us=3382804 configured=800x600 texture=800x600
frame_presented t_us=3383042 configured=800x600
frame_acquired t_us=3383114 configured=800x600 texture=800x600
frame_presented t_us=3383365 configured=800x600
frame_acquired t_us=3383439 configured=800x600 texture=800x600
frame_presented t_us=3383675 configured=800x600
frame_acquired t_us=3383747 configured=800x600 texture=800x600
frame_presented t_us=3384001 configured=800x600
frame_acquired t_us=3384071 configured=800x600 texture=800x600
frame_presented t_us=3384301 configured=800x600
frame_acquired t_us=3384372 configured=800x600 texture=800x600
frame_presented t_us=3384596 configured=800x600
frame_acquired t_us=3384666 configured=800x600 texture=800x600
frame_presented t_us=3384893 configured=800x600
frame_acquired t_us=3384964 configured=800x600 texture=800x600
frame_presented t_us=3385201 configured=800x600
frame_acquired t_us=3385274 configured=800x600 texture=800x600
frame_presented t_us=3385515 configured=800x600
frame_acquired t_us=3385587 configured=800x600 texture=800x600
frame_presented t_us=3385818 configured=800x600
frame_acquired t_us=3385890 configured=800x600 texture=800x600
frame_presented t_us=3386142 configured=800x600
frame_acquired t_us=3386216 configured=800x600 texture=800x600
frame_presented t_us=3386453 configured=800x600
frame_acquired t_us=3386526 configured=800x600 texture=800x600
frame_presented t_us=3386754 configured=800x600
frame_acquired t_us=3386827 configured=800x600 texture=800x600
frame_presented t_us=3387057 configured=800x600
frame_acquired t_us=3387128 configured=800x600 texture=800x600
frame_presented t_us=3387361 configured=800x600
frame_acquired t_us=3387426 configured=800x600 texture=800x600
frame_presented t_us=3387664 configured=800x600
frame_acquired t_us=3387745 configured=800x600 texture=800x600
frame_presented t_us=3388071 configured=800x600
frame_acquired t_us=3388151 configured=800x600 texture=800x600
frame_presented t_us=3388390 configured=800x600
frame_acquired t_us=3388461 configured=800x600 texture=800x600
frame_presented t_us=3388685 configured=800x600
frame_acquired t_us=3388755 configured=800x600 texture=800x600
frame_presented t_us=3388975 configured=800x600
frame_acquired t_us=3389045 configured=800x600 texture=800x600
frame_presented t_us=3389272 configured=800x600
frame_acquired t_us=3389346 configured=800x600 texture=800x600
frame_presented t_us=3389568 configured=800x600
frame_acquired t_us=3389638 configured=800x600 texture=800x600
frame_presented t_us=3389861 configured=800x600
frame_acquired t_us=3389932 configured=800x600 texture=800x600
frame_presented t_us=3390157 configured=800x600
frame_acquired t_us=3390227 configured=800x600 texture=800x600
frame_presented t_us=3390479 configured=800x600
frame_acquired t_us=3390554 configured=800x600 texture=800x600
frame_presented t_us=3390794 configured=800x600
frame_acquired t_us=3390887 configured=800x600 texture=800x600
frame_presented t_us=3391261 configured=800x600
frame_acquired t_us=3391339 configured=800x600 texture=800x600
frame_presented t_us=3391578 configured=800x600
frame_acquired t_us=3391649 configured=800x600 texture=800x600
frame_presented t_us=3391877 configured=800x600
frame_acquired t_us=3391948 configured=800x600 texture=800x600
frame_presented t_us=3392172 configured=800x600
frame_acquired t_us=3392243 configured=800x600 texture=800x600
frame_presented t_us=3392475 configured=800x600
frame_acquired t_us=3392548 configured=800x600 texture=800x600
frame_presented t_us=3392772 configured=800x600
frame_acquired t_us=3392843 configured=800x600 texture=800x600
frame_presented t_us=3393066 configured=800x600
frame_acquired t_us=3393137 configured=800x600 texture=800x600
frame_presented t_us=3393369 configured=800x600
frame_acquired t_us=3393441 configured=800x600 texture=800x600
frame_presented t_us=3393664 configured=800x600
frame_acquired t_us=3393735 configured=800x600 texture=800x600
frame_presented t_us=3393956 configured=800x600
frame_acquired t_us=3394025 configured=800x600 texture=800x600
frame_presented t_us=3394248 configured=800x600
frame_acquired t_us=3394325 configured=800x600 texture=800x600
frame_presented t_us=3394549 configured=800x600
frame_acquired t_us=3394621 configured=800x600 texture=800x600
frame_presented t_us=3394842 configured=800x600
frame_acquired t_us=3394912 configured=800x600 texture=800x600
frame_presented t_us=3395131 configured=800x600
frame_acquired t_us=3395202 configured=800x600 texture=800x600
frame_presented t_us=3395457 configured=800x600
frame_acquired t_us=3395528 configured=800x600 texture=800x600
frame_presented t_us=3395753 configured=800x600
frame_acquired t_us=3395823 configured=800x600 texture=800x600
frame_presented t_us=3396047 configured=800x600
frame_acquired t_us=3396117 configured=800x600 texture=800x600
frame_presented t_us=3396348 configured=800x600
frame_acquired t_us=3396419 configured=800x600 texture=800x600
frame_presented t_us=3396640 configured=800x600
frame_acquired t_us=3396709 configured=800x600 texture=800x600
frame_presented t_us=3396929 configured=800x600
frame_acquired t_us=3396999 configured=800x600 texture=800x600
frame_presented t_us=3397221 configured=800x600
frame_acquired t_us=3397294 configured=800x600 texture=800x600
frame_presented t_us=3397516 configured=800x600
frame_acquired t_us=3397586 configured=800x600 texture=800x600
frame_presented t_us=3397814 configured=800x600
frame_acquired t_us=3397885 configured=800x600 texture=800x600
frame_presented t_us=3398183 configured=800x600
frame_acquired t_us=3398258 configured=800x600 texture=800x600
frame_presented t_us=3398636 configured=800x600
frame_acquired t_us=3398719 configured=800x600 texture=800x600
frame_presented t_us=3399050 configured=800x600
frame_acquired t_us=3399126 configured=800x600 texture=800x600
frame_presented t_us=3399371 configured=800x600
frame_acquired t_us=3399443 configured=800x600 texture=800x600
frame_presented t_us=3399674 configured=800x600
frame_acquired t_us=3399746 configured=800x600 texture=800x600
frame_presented t_us=3399971 configured=800x600
frame_acquired t_us=3400043 configured=800x600 texture=800x600
frame_presented t_us=3400267 configured=800x600
frame_acquired t_us=3400366 configured=800x600 texture=800x600
frame_presented t_us=3400598 configured=800x600
frame_acquired t_us=3400670 configured=800x600 texture=800x600
frame_presented t_us=3400897 configured=800x600
frame_acquired t_us=3400968 configured=800x600 texture=800x600
frame_presented t_us=3401192 configured=800x600
frame_acquired t_us=3401262 configured=800x600 texture=800x600
frame_presented t_us=3401497 configured=800x600
frame_acquired t_us=3401570 configured=800x600 texture=800x600
frame_presented t_us=3401813 configured=800x600
frame_acquired t_us=3401886 configured=800x600 texture=800x600
frame_presented t_us=3402116 configured=800x600
frame_acquired t_us=3402189 configured=800x600 texture=800x600
frame_presented t_us=3402440 configured=800x600
frame_acquired t_us=3402511 configured=800x600 texture=800x600
frame_presented t_us=3402744 configured=800x600
frame_acquired t_us=3402800 configured=800x600 texture=800x600
frame_presented t_us=3403008 configured=800x600
frame_acquired t_us=3403068 configured=800x600 texture=800x600
frame_presented t_us=3403279 configured=800x600
frame_acquired t_us=3403340 configured=800x600 texture=800x600
frame_presented t_us=3403552 configured=800x600
frame_acquired t_us=3403607 configured=800x600 texture=800x600
frame_presented t_us=3403814 configured=800x600
frame_acquired t_us=3403868 configured=800x600 texture=800x600
frame_presented t_us=3404072 configured=800x600
frame_acquired t_us=3404129 configured=800x600 texture=800x600
frame_presented t_us=3404336 configured=800x600
frame_acquired t_us=3404393 configured=800x600 texture=800x600
frame_presented t_us=3404595 configured=800x600
frame_acquired t_us=3404652 configured=800x600 texture=800x600
frame_presented t_us=3404858 configured=800x600
frame_acquired t_us=3404915 configured=800x600 texture=800x600
frame_presented t_us=3405115 configured=800x600
frame_acquired t_us=3405175 configured=800x600 texture=800x600
frame_presented t_us=3405393 configured=800x600
frame_acquired t_us=3405451 configured=800x600 texture=800x600
frame_presented t_us=3405655 configured=800x600
frame_acquired t_us=3405712 configured=800x600 texture=800x600
frame_presented t_us=3405915 configured=800x600
frame_acquired t_us=3405972 configured=800x600 texture=800x600
frame_presented t_us=3406174 configured=800x600
frame_acquired t_us=3406232 configured=800x600 texture=800x600
frame_presented t_us=3406439 configured=800x600
frame_acquired t_us=3406496 configured=800x600 texture=800x600
frame_presented t_us=3406703 configured=800x600
frame_acquired t_us=3406761 configured=800x600 texture=800x600
frame_presented t_us=3406964 configured=800x600
frame_acquired t_us=3407021 configured=800x600 texture=800x600
frame_presented t_us=3407224 configured=800x600
frame_acquired t_us=3407285 configured=800x600 texture=800x600
frame_presented t_us=3407489 configured=800x600
frame_acquired t_us=3407546 configured=800x600 texture=800x600
frame_presented t_us=3407749 configured=800x600
frame_acquired t_us=3407805 configured=800x600 texture=800x600
frame_presented t_us=3408008 configured=800x600
frame_acquired t_us=3408065 configured=800x600 texture=800x600
frame_presented t_us=3408281 configured=800x600
frame_acquired t_us=3408357 configured=800x600 texture=800x600
frame_presented t_us=3408744 configured=800x600
frame_acquired t_us=3408825 configured=800x600 texture=800x600
frame_presented t_us=3409095 configured=800x600
frame_acquired t_us=3409155 configured=800x600 texture=800x600
frame_presented t_us=3409377 configured=800x600
frame_acquired t_us=3409435 configured=800x600 texture=800x600
frame_presented t_us=3409648 configured=800x600
frame_acquired t_us=3409706 configured=800x600 texture=800x600
frame_presented t_us=3409944 configured=800x600
frame_acquired t_us=3410006 configured=800x600 texture=800x600
frame_presented t_us=3410221 configured=800x600
frame_acquired t_us=3410274 configured=800x600 texture=800x600
frame_presented t_us=3410490 configured=800x600
frame_acquired t_us=3410547 configured=800x600 texture=800x600
frame_presented t_us=3410756 configured=800x600
frame_acquired t_us=3410815 configured=800x600 texture=800x600
frame_presented t_us=3411017 configured=800x600
frame_acquired t_us=3411074 configured=800x600 texture=800x600
frame_presented t_us=3411291 configured=800x600
frame_acquired t_us=3411351 configured=800x600 texture=800x600
frame_presented t_us=3411565 configured=800x600
frame_acquired t_us=3411626 configured=800x600 texture=800x600
frame_presented t_us=3411841 configured=800x600
frame_acquired t_us=3411901 configured=800x600 texture=800x600
frame_presented t_us=3412113 configured=800x600
frame_acquired t_us=3412172 configured=800x600 texture=800x600
frame_presented t_us=3412392 configured=800x600
frame_acquired t_us=3412451 configured=800x600 texture=800x600
frame_presented t_us=3412669 configured=800x600
frame_acquired t_us=3412729 configured=800x600 texture=800x600
frame_presented t_us=3412940 configured=800x600
frame_acquired t_us=3412999 configured=800x600 texture=800x600
frame_presented t_us=3413217 configured=800x600
frame_acquired t_us=3413279 configured=800x600 texture=800x600
frame_presented t_us=3413493 configured=800x600
frame_acquired t_us=3413552 configured=800x600 texture=800x600
frame_presented t_us=3413763 configured=800x600
frame_acquired t_us=3413822 configured=800x600 texture=800x600
frame_presented t_us=3414033 configured=800x600
frame_acquired t_us=3414092 configured=800x600 texture=800x600
frame_presented t_us=3414310 configured=800x600
frame_acquired t_us=3414370 configured=800x600 texture=800x600
frame_presented t_us=3414654 configured=800x600
frame_acquired t_us=3414761 configured=800x600 texture=800x600
frame_presented t_us=3414999 configured=800x600
frame_acquired t_us=3415068 configured=800x600 texture=800x600
frame_presented t_us=3415269 configured=800x600
frame_acquired t_us=3415333 configured=800x600 texture=800x600
frame_presented t_us=3415573 configured=800x600
frame_acquired t_us=3415634 configured=800x600 texture=800x600
frame_presented t_us=3415856 configured=800x600
frame_acquired t_us=3415915 configured=800x600 texture=800x600
frame_presented t_us=3416130 configured=800x600
frame_acquired t_us=3416194 configured=800x600 texture=800x600
frame_presented t_us=3416411 configured=800x600
frame_acquired t_us=3416471 configured=800x600 texture=800x600
frame_presented t_us=3416682 configured=800x600
frame_acquired t_us=3416741 configured=800x600 texture=800x600
frame_presented t_us=3416952 configured=800x600
frame_acquired t_us=3417012 configured=800x600 texture=800x600
frame_presented t_us=3417229 configured=800x600
frame_acquired t_us=3417293 configured=800x600 texture=800x600
frame_presented t_us=3417507 configured=800x600
frame_acquired t_us=3417566 configured=800x600 texture=800x600
frame_presented t_us=3417778 configured=800x600
frame_acquired t_us=3417837 configured=800x600 texture=800x600
frame_presented t_us=3418067 configured=800x600
frame_acquired t_us=3418144 configured=800x600 texture=800x600
frame_presented t_us=3418477 configured=800x600
frame_acquired t_us=3418541 configured=800x600 texture=800x600
frame_presented t_us=3418761 configured=800x600
frame_acquired t_us=3418820 configured=800x600 texture=800x600
frame_presented t_us=3419028 configured=800x600
frame_acquired t_us=3419085 configured=800x600 texture=800x600
frame_presented t_us=3419307 configured=800x600
frame_acquired t_us=3419367 configured=800x600 texture=800x600
frame_presented t_us=3419587 configured=800x600
frame_acquired t_us=3419646 configured=800x600 texture=800x600
frame_presented t_us=3419860 configured=800x600
frame_acquired t_us=3419919 configured=800x600 texture=800x600
frame_presented t_us=3420141 configured=800x600
frame_acquired t_us=3420198 configured=800x600 texture=800x600
frame_presented t_us=3420439 configured=800x600
frame_acquired t_us=3420499 configured=800x600 texture=800x600
frame_presented t_us=3420720 configured=800x600
frame_acquired t_us=3420775 configured=800x600 texture=800x600
frame_presented t_us=3420991 configured=800x600
frame_acquired t_us=3421044 configured=800x600 texture=800x600
frame_presented t_us=3421258 configured=800x600
frame_acquired t_us=3421331 configured=800x600 texture=800x600
frame_presented t_us=3421551 configured=800x600
frame_acquired t_us=3421605 configured=800x600 texture=800x600
frame_presented t_us=3421827 configured=800x600
frame_acquired t_us=3421881 configured=800x600 texture=800x600
frame_presented t_us=3422094 configured=800x600
frame_acquired t_us=3422148 configured=800x600 texture=800x600
frame_presented t_us=3422369 configured=800x600
frame_acquired t_us=3422424 configured=800x600 texture=800x600
frame_presented t_us=3422637 configured=800x600
frame_acquired t_us=3422692 configured=800x600 texture=800x600
frame_presented t_us=3422906 configured=800x600
frame_acquired t_us=3422964 configured=800x600 texture=800x600
frame_presented t_us=3423184 configured=800x600
frame_acquired t_us=3423238 configured=800x600 texture=800x600
frame_presented t_us=3423460 configured=800x600
frame_acquired t_us=3423514 configured=800x600 texture=800x600
frame_presented t_us=3423730 configured=800x600
frame_acquired t_us=3423784 configured=800x600 texture=800x600
frame_presented t_us=3424000 configured=800x600
frame_acquired t_us=3424054 configured=800x600 texture=800x600
frame_presented t_us=3424268 configured=800x600
frame_acquired t_us=3424327 configured=800x600 texture=800x600
frame_presented t_us=3424543 configured=800x600
frame_acquired t_us=3424598 configured=800x600 texture=800x600
frame_presented t_us=3424843 configured=800x600
frame_acquired t_us=3424929 configured=800x600 texture=800x600
frame_presented t_us=3425243 configured=800x600
frame_acquired t_us=3425305 configured=800x600 texture=800x600
frame_presented t_us=3425534 configured=800x600
frame_acquired t_us=3425589 configured=800x600 texture=800x600
frame_presented t_us=3425809 configured=800x600
frame_acquired t_us=3425864 configured=800x600 texture=800x600
frame_presented t_us=3426079 configured=800x600
frame_acquired t_us=3426133 configured=800x600 texture=800x600
frame_presented t_us=3426356 configured=800x600
frame_acquired t_us=3426410 configured=800x600 texture=800x600
frame_presented t_us=3426624 configured=800x600
frame_acquired t_us=3426678 configured=800x600 texture=800x600
frame_presented t_us=3426894 configured=800x600
frame_acquired t_us=3426948 configured=800x600 texture=800x600
frame_presented t_us=3427163 configured=800x600
frame_acquired t_us=3427217 configured=800x600 texture=800x600
frame_presented t_us=3427438 configured=800x600
frame_acquired t_us=3427492 configured=800x600 texture=800x600
frame_presented t_us=3427707 configured=800x600
frame_acquired t_us=3427761 configured=800x600 texture=800x600
frame_presented t_us=3427974 configured=800x600
frame_acquired t_us=3428027 configured=800x600 texture=800x600
frame_presented t_us=3428243 configured=800x600
frame_acquired t_us=3428319 configured=800x600 texture=800x600
frame_presented t_us=3428552 configured=800x600
frame_acquired t_us=3428608 configured=800x600 texture=800x600
frame_presented t_us=3428827 configured=800x600
frame_acquired t_us=3428882 configured=800x600 texture=800x600
frame_presented t_us=3429096 configured=800x600
frame_acquired t_us=3429150 configured=800x600 texture=800x600
frame_presented t_us=3429371 configured=800x600
frame_acquired t_us=3429425 configured=800x600 texture=800x600
frame_presented t_us=3429639 configured=800x600
frame_acquired t_us=3429693 configured=800x600 texture=800x600
frame_presented t_us=3429905 configured=800x600
frame_acquired t_us=3429959 configured=800x600 texture=800x600
frame_presented t_us=3430172 configured=800x600
frame_acquired t_us=3430226 configured=800x600 texture=800x600
frame_presented t_us=3430445 configured=800x600
frame_acquired t_us=3430499 configured=800x600 texture=800x600
frame_presented t_us=3430712 configured=800x600
frame_acquired t_us=3430767 configured=800x600 texture=800x600
frame_presented t_us=3430979 configured=800x600
frame_acquired t_us=3431033 configured=800x600 texture=800x600
frame_presented t_us=3431246 configured=800x600
frame_acquired t_us=3431305 configured=800x600 texture=800x600
frame_presented t_us=3431520 configured=800x600
frame_acquired t_us=3431576 configured=800x600 texture=800x600
frame_presented t_us=3431791 configured=800x600
frame_acquired t_us=3431854 configured=800x600 texture=800x600
frame_presented t_us=3432053 configured=800x600
frame_acquired t_us=3432110 configured=800x600 texture=800x600
frame_presented t_us=3432343 configured=800x600
frame_acquired t_us=3432398 configured=800x600 texture=800x600
frame_presented t_us=3432614 configured=800x600
frame_acquired t_us=3432667 configured=800x600 texture=800x600
frame_presented t_us=3432880 configured=800x600
frame_acquired t_us=3432934 configured=800x600 texture=800x600
frame_presented t_us=3433147 configured=800x600
frame_acquired t_us=3433205 configured=800x600 texture=800x600
frame_presented t_us=3433430 configured=800x600
frame_acquired t_us=3433485 configured=800x600 texture=800x600
frame_presented t_us=3433700 configured=800x600
frame_acquired t_us=3433754 configured=800x600 texture=800x600
frame_presented t_us=3433967 configured=800x600
frame_acquired t_us=3434021 configured=800x600 texture=800x600
frame_presented t_us=3434235 configured=800x600
frame_acquired t_us=3434293 configured=800x600 texture=800x600
frame_presented t_us=3434516 configured=800x600
frame_acquired t_us=3434571 configured=800x600 texture=800x600
frame_presented t_us=3434786 configured=800x600
frame_acquired t_us=3434844 configured=800x600 texture=800x600
frame_presented t_us=3435063 configured=800x600
frame_acquired t_us=3435122 configured=800x600 texture=800x600
frame_presented t_us=3435341 configured=800x600
frame_acquired t_us=3435399 configured=800x600 texture=800x600
frame_presented t_us=3435605 configured=800x600
frame_acquired t_us=3435662 configured=800x600 texture=800x600
frame_presented t_us=3435865 configured=800x600
frame_acquired t_us=3435922 configured=800x600 texture=800x600
frame_presented t_us=3436137 configured=800x600
frame_acquired t_us=3436195 configured=800x600 texture=800x600
frame_presented t_us=3436437 configured=800x600
frame_acquired t_us=3436496 configured=800x600 texture=800x600
frame_presented t_us=3436710 configured=800x600
frame_acquired t_us=3436770 configured=800x600 texture=800x600
frame_presented t_us=3436987 configured=800x600
frame_acquired t_us=3437049 configured=800x600 texture=800x600
frame_presented t_us=3437268 configured=800x600
frame_acquired t_us=3437327 configured=800x600 texture=800x600
frame_presented t_us=3437541 configured=800x600
frame_acquired t_us=3437598 configured=800x600 texture=800x600
frame_presented t_us=3437809 configured=800x600
frame_acquired t_us=3437868 configured=800x600 texture=800x600
frame_presented t_us=3438079 configured=800x600
frame_acquired t_us=3438138 configured=800x600 texture=800x600
frame_presented t_us=3438358 configured=800x600
frame_acquired t_us=3438417 configured=800x600 texture=800x600
frame_presented t_us=3438630 configured=800x600
frame_acquired t_us=3438688 configured=800x600 texture=800x600
frame_presented t_us=3438899 configured=800x600
frame_acquired t_us=3438958 configured=800x600 texture=800x600
frame_presented t_us=3439170 configured=800x600
frame_acquired t_us=3439229 configured=800x600 texture=800x600
frame_presented t_us=3439447 configured=800x600
frame_acquired t_us=3439505 configured=800x600 texture=800x600
frame_presented t_us=3439716 configured=800x600
frame_acquired t_us=3439775 configured=800x600 texture=800x600
frame_presented t_us=3439989 configured=800x600
frame_acquired t_us=3440044 configured=800x600 texture=800x600
frame_presented t_us=3440258 configured=800x600
frame_acquired t_us=3440322 configured=800x600 texture=800x600
frame_presented t_us=3440538 configured=800x600
frame_acquired t_us=3440596 configured=800x600 texture=800x600
frame_presented t_us=3440809 configured=800x600
frame_acquired t_us=3440868 configured=800x600 texture=800x600
frame_presented t_us=3441082 configured=800x600
frame_acquired t_us=3441137 configured=800x600 texture=800x600
frame_presented t_us=3441410 configured=800x600
frame_acquired t_us=3441512 configured=800x600 texture=800x600
frame_presented t_us=3441777 configured=800x600
frame_acquired t_us=3441839 configured=800x600 texture=800x600
frame_presented t_us=3442059 configured=800x600
frame_acquired t_us=3442118 configured=800x600 texture=800x600
frame_presented t_us=3442341 configured=800x600
frame_acquired t_us=3442401 configured=800x600 texture=800x600
frame_presented t_us=3442617 configured=800x600
frame_acquired t_us=3442676 configured=800x600 texture=800x600
frame_presented t_us=3442888 configured=800x600
frame_acquired t_us=3442947 configured=800x600 texture=800x600
frame_presented t_us=3443160 configured=800x600
frame_acquired t_us=3443219 configured=800x600 texture=800x600
frame_presented t_us=3443436 configured=800x600
frame_acquired t_us=3443499 configured=800x600 texture=800x600
frame_presented t_us=3443713 configured=800x600
frame_acquired t_us=3443771 configured=800x600 texture=800x600
frame_presented t_us=3443981 configured=800x600
frame_acquired t_us=3444040 configured=800x600 texture=800x600
frame_presented t_us=3444250 configured=800x600
frame_acquired t_us=3444314 configured=800x600 texture=800x600
frame_presented t_us=3444526 configured=800x600
frame_acquired t_us=3444586 configured=800x600 texture=800x600
frame_presented t_us=3444796 configured=800x600
frame_acquired t_us=3444855 configured=800x600 texture=800x600
frame_presented t_us=3445065 configured=800x600
frame_acquired t_us=3445124 configured=800x600 texture=800x600
frame_presented t_us=3445341 configured=800x600
frame_acquired t_us=3445400 configured=800x600 texture=800x600
frame_presented t_us=3445613 configured=800x600
frame_acquired t_us=3445671 configured=800x600 texture=800x600
frame_presented t_us=3445882 configured=800x600
frame_acquired t_us=3445941 configured=800x600 texture=800x600
frame_presented t_us=3446151 configured=800x600
frame_acquired t_us=3446209 configured=800x600 texture=800x600
frame_presented t_us=3446445 configured=800x600
frame_acquired t_us=3446506 configured=800x600 texture=800x600
frame_presented t_us=3446721 configured=800x600
frame_acquired t_us=3446781 configured=800x600 texture=800x600
frame_presented t_us=3446992 configured=800x600
frame_acquired t_us=3447050 configured=800x600 texture=800x600
frame_presented t_us=3447262 configured=800x600
frame_acquired t_us=3447327 configured=800x600 texture=800x600
frame_presented t_us=3447539 configured=800x600
frame_acquired t_us=3447598 configured=800x600 texture=800x600
frame_presented t_us=3447810 configured=800x600
frame_acquired t_us=3447869 configured=800x600 texture=800x600
frame_presented t_us=3448086 configured=800x600
frame_acquired t_us=3448143 configured=800x600 texture=800x600
frame_presented t_us=3448367 configured=800x600
frame_acquired t_us=3448430 configured=800x600 texture=800x600
frame_presented t_us=3448637 configured=800x600
frame_acquired t_us=3448701 configured=800x600 texture=800x600
frame_presented t_us=3448929 configured=800x600
frame_acquired t_us=3448988 configured=800x600 texture=800x600
frame_presented t_us=3449201 configured=800x600
frame_acquired t_us=3449260 configured=800x600 texture=800x600
frame_presented t_us=3449478 configured=800x600
frame_acquired t_us=3449537 configured=800x600 texture=800x600
frame_presented t_us=3449747 configured=800x600
frame_acquired t_us=3449805 configured=800x600 texture=800x600
frame_presented t_us=3450015 configured=800x600
frame_acquired t_us=3450073 configured=800x600 texture=800x600
frame_presented t_us=3450287 configured=800x600
frame_acquired t_us=3450346 configured=800x600 texture=800x600
frame_presented t_us=3450558 configured=800x600
frame_acquired t_us=3450616 configured=800x600 texture=800x600
frame_presented t_us=3450827 configured=800x600
frame_acquired t_us=3450885 configured=800x600 texture=800x600
frame_presented t_us=3451096 configured=800x600
frame_acquired t_us=3451155 configured=800x600 texture=800x600
frame_presented t_us=3451372 configured=800x600
frame_acquired t_us=3451431 configured=800x600 texture=800x600
frame_presented t_us=3451651 configured=800x600
frame_acquired t_us=3451710 configured=800x600 texture=800x600
frame_presented t_us=3451918 configured=800x600
frame_acquired t_us=3451975 configured=800x600 texture=800x600
frame_presented t_us=3452176 configured=800x600
frame_acquired t_us=3452233 configured=800x600 texture=800x600
frame_presented t_us=3452440 configured=800x600
frame_acquired t_us=3452497 configured=800x600 texture=800x600
frame_presented t_us=3452707 configured=800x600
frame_acquired t_us=3452767 configured=800x600 texture=800x600
frame_presented t_us=3452977 configured=800x600
frame_acquired t_us=3453035 configured=800x600 texture=800x600
frame_presented t_us=3453246 configured=800x600
frame_acquired t_us=3453310 configured=800x600 texture=800x600
frame_presented t_us=3453523 configured=800x600
frame_acquired t_us=3453586 configured=800x600 texture=800x600
frame_presented t_us=3453803 configured=800x600
frame_acquired t_us=3453864 configured=800x600 texture=800x600
frame_presented t_us=3454089 configured=800x600
frame_acquired t_us=3454145 configured=800x600 texture=800x600
frame_presented t_us=3454390 configured=800x600
frame_acquired t_us=3454448 configured=800x600 texture=800x600
frame_presented t_us=3454659 configured=800x600
frame_acquired t_us=3454716 configured=800x600 texture=800x600
frame_presented t_us=3454919 configured=800x600
frame_acquired t_us=3454976 configured=800x600 texture=800x600
frame_presented t_us=3455180 configured=800x600
frame_acquired t_us=3455237 configured=800x600 texture=800x600
frame_presented t_us=3455448 configured=800x600
frame_acquired t_us=3455505 configured=800x600 texture=800x600
frame_presented t_us=3455708 configured=800x600
frame_acquired t_us=3455765 configured=800x600 texture=800x600
frame_presented t_us=3455967 configured=800x600
frame_acquired t_us=3456025 configured=800x600 texture=800x600
frame_presented t_us=3456228 configured=800x600
frame_acquired t_us=3456289 configured=800x600 texture=800x600
frame_presented t_us=3456500 configured=800x600
frame_acquired t_us=3456557 configured=800x600 texture=800x600
frame_presented t_us=3456759 configured=800x600
frame_acquired t_us=3456816 configured=800x600 texture=800x600
frame_presented t_us=3457018 configured=800x600
frame_acquired t_us=3457075 configured=800x600 texture=800x600
frame_presented t_us=3457280 configured=800x600
frame_acquired t_us=3457337 configured=800x600 texture=800x600
frame_presented t_us=3457540 configured=800x600
frame_acquired t_us=3457593 configured=800x600 texture=800x600
frame_presented t_us=3457795 configured=800x600
frame_acquired t_us=3457852 configured=800x600 texture=800x600
frame_presented t_us=3458068 configured=800x600
frame_acquired t_us=3458127 configured=800x600 texture=800x600
frame_presented t_us=3458417 configured=800x600
frame_acquired t_us=3458533 configured=800x600 texture=800x600
frame_presented t_us=3458769 configured=800x600
frame_acquired t_us=3458832 configured=800x600 texture=800x600
frame_presented t_us=3459050 configured=800x600
frame_acquired t_us=3459106 configured=800x600 texture=800x600
frame_presented t_us=3459320 configured=800x600
frame_acquired t_us=3459376 configured=800x600 texture=800x600
frame_presented t_us=3459589 configured=800x600
frame_acquired t_us=3459644 configured=800x600 texture=800x600
frame_presented t_us=3459850 configured=800x600
frame_acquired t_us=3459903 configured=800x600 texture=800x600
frame_presented t_us=3460111 configured=800x600
frame_acquired t_us=3460165 configured=800x600 texture=800x600
frame_presented t_us=3460375 configured=800x600
frame_acquired t_us=3460433 configured=800x600 texture=800x600
frame_presented t_us=3460637 configured=800x600
frame_acquired t_us=3460694 configured=800x600 texture=800x600
frame_presented t_us=3460898 configured=800x600
frame_acquired t_us=3460955 configured=800x600 texture=800x600
frame_presented t_us=3461159 configured=800x600
frame_acquired t_us=3461216 configured=800x600 texture=800x600
frame_presented t_us=3461426 configured=800x600
frame_acquired t_us=3461483 configured=800x600 texture=800x600
frame_presented t_us=3461686 configured=800x600
frame_acquired t_us=3461743 configured=800x600 texture=800x600
frame_presented t_us=3461944 configured=800x600
frame_acquired t_us=3462001 configured=800x600 texture=800x600
frame_presented t_us=3462204 configured=800x600
frame_acquired t_us=3462261 configured=800x600 texture=800x600
frame_presented t_us=3462504 configured=800x600
frame_acquired t_us=3462564 configured=800x600 texture=800x600
frame_presented t_us=3462770 configured=800x600
frame_acquired t_us=3462832 configured=800x600 texture=800x600
frame_presented t_us=3463128 configured=800x600
frame_acquired t_us=3463221 configured=800x600 texture=800x600
frame_presented t_us=3463450 configured=800x600
frame_acquired t_us=3463510 configured=800x600 texture=800x600
frame_presented t_us=3463719 configured=800x600
frame_acquired t_us=3463781 configured=800x600 texture=800x600
frame_presented t_us=3463989 configured=800x600
frame_acquired t_us=3464047 configured=800x600 texture=800x600
frame_presented t_us=3464251 configured=800x600
frame_acquired t_us=3464315 configured=800x600 texture=800x600
frame_presented t_us=3464523 configured=800x600
frame_acquired t_us=3464577 configured=800x600 texture=800x600
frame_presented t_us=3464783 configured=800x600
frame_acquired t_us=3464840 configured=800x600 texture=800x600
frame_presented t_us=3465053 configured=800x600
frame_acquired t_us=3465112 configured=800x600 texture=800x600
frame_presented t_us=3465309 configured=800x600
frame_acquired t_us=3465367 configured=800x600 texture=800x600
frame_presented t_us=3465585 configured=800x600
frame_acquired t_us=3465643 configured=800x600 texture=800x600
frame_presented t_us=3465850 configured=800x600
frame_acquired t_us=3465907 configured=800x600 texture=800x600
frame_presented t_us=3466108 configured=800x600
frame_acquired t_us=3466165 configured=800x600 texture=800x600
frame_presented t_us=3466378 configured=800x600
frame_acquired t_us=3466438 configured=800x600 texture=800x600
frame_presented t_us=3466641 configured=800x600
frame_acquired t_us=3466698 configured=800x600 texture=800x600
frame_presented t_us=3466900 configured=800x600
frame_acquired t_us=3466957 configured=800x600 texture=800x600
frame_presented t_us=3467158 configured=800x600
frame_acquired t_us=3467216 configured=800x600 texture=800x600
frame_presented t_us=3467431 configured=800x600
frame_acquired t_us=3467489 configured=800x600 texture=800x600
frame_presented t_us=3467699 configured=800x600
frame_acquired t_us=3467756 configured=800x600 texture=800x600
frame_presented t_us=3467959 configured=800x600
frame_acquired t_us=3468016 configured=800x600 texture=800x600
frame_presented t_us=3468219 configured=800x600
frame_acquired t_us=3468280 configured=800x600 texture=800x600
frame_presented t_us=3468493 configured=800x600
frame_acquired t_us=3468550 configured=800x600 texture=800x600
frame_presented t_us=3468752 configured=800x600
frame_acquired t_us=3468809 configured=800x600 texture=800x600
frame_presented t_us=3469012 configured=800x600
frame_acquired t_us=3469069 configured=800x600 texture=800x600
frame_presented t_us=3469270 configured=800x600
frame_acquired t_us=3469331 configured=800x600 texture=800x600
frame_presented t_us=3469545 configured=800x600
frame_acquired t_us=3469618 configured=800x600 texture=800x600
frame_presented t_us=3469931 configured=800x600
frame_acquired t_us=3469992 configured=800x600 texture=800x600
frame_presented t_us=3470219 configured=800x600
frame_acquired t_us=3470303 configured=800x600 texture=800x600
frame_presented t_us=3470548 configured=800x600
frame_acquired t_us=3470605 configured=800x600 texture=800x600
frame_presented t_us=3470821 configured=800x600
frame_acquired t_us=3470879 configured=800x600 texture=800x600
frame_presented t_us=3471086 configured=800x600
frame_acquired t_us=3471143 configured=800x600 texture=800x600
frame_presented t_us=3471357 configured=800x600
frame_acquired t_us=3471415 configured=800x600 texture=800x600
frame_presented t_us=3471618 configured=800x600
frame_acquired t_us=3471675 configured=800x600 texture=800x600
frame_presented t_us=3471879 configured=800x600
frame_acquired t_us=3471936 configured=800x600 texture=800x600
frame_presented t_us=3472138 configured=800x600
frame_acquired t_us=3472195 configured=800x600 texture=800x600
frame_presented t_us=3472401 configured=800x600
frame_acquired t_us=3472459 configured=800x600 texture=800x600
frame_presented t_us=3472660 configured=800x600
frame_acquired t_us=3472717 configured=800x600 texture=800x600
frame_presented t_us=3472918 configured=800x600
frame_acquired t_us=3472975 configured=800x600 texture=800x600
frame_presented t_us=3473177 configured=800x600
frame_acquired t_us=3473234 configured=800x600 texture=800x600
frame_presented t_us=3473448 configured=800x600
frame_acquired t_us=3473506 configured=800x600 texture=800x600
frame_presented t_us=3473714 configured=800x600
frame_acquired t_us=3473771 configured=800x600 texture=800x600
frame_presented t_us=3473974 configured=800x600
frame_acquired t_us=3474031 configured=800x600 texture=800x600
frame_presented t_us=3474265 configured=800x600
frame_acquired t_us=3474361 configured=800x600 texture=800x600
frame_presented t_us=3474664 configured=800x600
frame_acquired t_us=3474722 configured=800x600 texture=800x600
frame_presented t_us=3474933 configured=800x600
frame_acquired t_us=3474991 configured=800x600 texture=800x600
frame_presented t_us=3475197 configured=800x600
frame_acquired t_us=3475255 configured=800x600 texture=800x600
frame_presented t_us=3475467 configured=800x600
frame_acquired t_us=3475524 configured=800x600 texture=800x600
frame_presented t_us=3475727 configured=800x600
frame_acquired t_us=3475784 configured=800x600 texture=800x600
frame_presented t_us=3475986 configured=800x600
frame_acquired t_us=3476043 configured=800x600 texture=800x600
frame_presented t_us=3476245 configured=800x600
frame_acquired t_us=3476306 configured=800x600 texture=800x600
frame_presented t_us=3476510 configured=800x600
frame_acquired t_us=3476567 configured=800x600 texture=800x600
frame_presented t_us=3476768 configured=800x600
frame_acquired t_us=3476824 configured=800x600 texture=800x600
frame_presented t_us=3477026 configured=800x600
frame_acquired t_us=3477083 configured=800x600 texture=800x600
frame_presented t_us=3477289 configured=800x600
frame_acquired t_us=3477347 configured=800x600 texture=800x600
frame_presented t_us=3477550 configured=800x600
frame_acquired t_us=3477606 configured=800x600 texture=800x600
frame_presented t_us=3477809 configured=800x600
frame_acquired t_us=3477865 configured=800x600 texture=800x600
frame_presented t_us=3478067 configured=800x600
frame_acquired t_us=3478123 configured=800x600 texture=800x600
frame_presented t_us=3478349 configured=800x600
frame_acquired t_us=3478407 configured=800x600 texture=800x600
frame_presented t_us=3478610 configured=800x600
frame_acquired t_us=3478668 configured=800x600 texture=800x600
frame_presented t_us=3478870 configured=800x600
frame_acquired t_us=3478927 configured=800x600 texture=800x600
frame_presented t_us=3479128 configured=800x600
frame_acquired t_us=3479185 configured=800x600 texture=800x600
frame_presented t_us=3479391 configured=800x600
frame_acquired t_us=3479448 configured=800x600 texture=800x600
frame_presented t_us=3479647 configured=800x600
frame_acquired t_us=3479704 configured=800x600 texture=800x600
frame_presented t_us=3479904 configured=800x600
frame_acquired t_us=3479960 configured=800x600 texture=800x600
frame_presented t_us=3480160 configured=800x600
frame_acquired t_us=3480217 configured=800x600 texture=800x600
frame_presented t_us=3480424 configured=800x600
frame_acquired t_us=3480482 configured=800x600 texture=800x600
frame_presented t_us=3480682 configured=800x600
frame_acquired t_us=3480739 configured=800x600 texture=800x600
frame_presented t_us=3480939 configured=800x600
frame_acquired t_us=3480996 configured=800x600 texture=800x600
frame_presented t_us=3481196 configured=800x600
frame_acquired t_us=3481250 configured=800x600 texture=800x600
frame_presented t_us=3481457 configured=800x600
frame_acquired t_us=3481511 configured=800x600 texture=800x600
frame_presented t_us=3481729 configured=800x600
frame_acquired t_us=3481786 configured=800x600 texture=800x600
frame_presented t_us=3482014 configured=800x600
frame_acquired t_us=3482075 configured=800x600 texture=800x600
frame_presented t_us=3482296 configured=800x600
frame_acquired t_us=3482357 configured=800x600 texture=800x600
frame_presented t_us=3482571 configured=800x600
frame_acquired t_us=3482635 configured=800x600 texture=800x600
frame_presented t_us=3482847 configured=800x600
frame_acquired t_us=3482906 configured=800x600 texture=800x600
frame_presented t_us=3483118 configured=800x600
frame_acquired t_us=3483177 configured=800x600 texture=800x600
frame_presented t_us=3483424 configured=800x600
frame_acquired t_us=3483487 configured=800x600 texture=800x600
frame_presented t_us=3483721 configured=800x600
frame_acquired t_us=3483781 configured=800x600 texture=800x600
frame_presented t_us=3484003 configured=800x600
frame_acquired t_us=3484063 configured=800x600 texture=800x600
frame_presented t_us=3484280 configured=800x600
frame_acquired t_us=3484341 configured=800x600 texture=800x600
frame_presented t_us=3484557 configured=800x600
frame_acquired t_us=3484616 configured=800x600 texture=800x600
frame_presented t_us=3484830 configured=800x600
frame_acquired t_us=3484889 configured=800x600 texture=800x600
frame_presented t_us=3485111 configured=800x600
frame_acquired t_us=3485171 configured=800x600 texture=800x600
frame_presented t_us=3485383 configured=800x600
frame_acquired t_us=3485442 configured=800x600 texture=800x600
frame_presented t_us=3485647 configured=800x600
frame_acquired t_us=3485704 configured=800x600 texture=800x600
frame_presented t_us=3485912 configured=800x600
frame_acquired t_us=3485967 configured=800x600 texture=800x600
frame_presented t_us=3486185 configured=800x600
frame_acquired t_us=3486242 configured=800x600 texture=800x600
frame_presented t_us=3486468 configured=800x600
frame_acquired t_us=3486529 configured=800x600 texture=800x600
frame_presented t_us=3486844 configured=800x600
frame_acquired t_us=3486937 configured=800x600 texture=800x600
frame_presented t_us=3487180 configured=800x600
frame_acquired t_us=3487242 configured=800x600 texture=800x600
frame_presented t_us=3487472 configured=800x600
frame_acquired t_us=3487530 configured=800x600 texture=800x600
frame_presented t_us=3487746 configured=800x600
frame_acquired t_us=3487802 configured=800x600 texture=800x600
frame_presented t_us=3488016 configured=800x600
frame_acquired t_us=3488072 configured=800x600 texture=800x600
frame_presented t_us=3488292 configured=800x600
frame_acquired t_us=3488348 configured=800x600 texture=800x600
frame_presented t_us=3488567 configured=800x600
frame_acquired t_us=3488623 configured=800x600 texture=800x600
frame_presented t_us=3488836 configured=800x600
frame_acquired t_us=3488891 configured=800x600 texture=800x600
frame_presented t_us=3489103 configured=800x600
frame_acquired t_us=3489158 configured=800x600 texture=800x600
frame_presented t_us=3489376 configured=800x600
frame_acquired t_us=3489432 configured=800x600 texture=800x600
frame_presented t_us=3489646 configured=800x600
frame_acquired t_us=3489702 configured=800x600 texture=800x600
frame_presented t_us=3489919 configured=800x600
frame_acquired t_us=3489975 configured=800x600 texture=800x600
frame_presented t_us=3490189 configured=800x600
frame_acquired t_us=3490245 configured=800x600 texture=800x600
frame_presented t_us=3490488 configured=800x600
frame_acquired t_us=3490547 configured=800x600 texture=800x600
frame_presented t_us=3490764 configured=800x600
frame_acquired t_us=3490820 configured=800x600 texture=800x600
frame_presented t_us=3491035 configured=800x600
frame_acquired t_us=3491091 configured=800x600 texture=800x600
frame_presented t_us=3491309 configured=800x600
frame_acquired t_us=3491365 configured=800x600 texture=800x600
frame_presented t_us=3491579 configured=800x600
frame_acquired t_us=3491636 configured=800x600 texture=800x600
frame_presented t_us=3491920 configured=800x600
frame_acquired t_us=3492025 configured=800x600 texture=800x600
frame_presented t_us=3492252 configured=800x600
frame_acquired t_us=3492315 configured=800x600 texture=800x600
frame_presented t_us=3492538 configured=800x600
frame_acquired t_us=3492595 configured=800x600 texture=800x600
frame_presented t_us=3492812 configured=800x600
frame_acquired t_us=3492869 configured=800x600 texture=800x600
frame_presented t_us=3493081 configured=800x600
frame_acquired t_us=3493137 configured=800x600 texture=800x600
frame_presented t_us=3493358 configured=800x600
frame_acquired t_us=3493413 configured=800x600 texture=800x600
frame_presented t_us=3493621 configured=800x600
frame_acquired t_us=3493674 configured=800x600 texture=800x600
frame_presented t_us=3493879 configured=800x600
frame_acquired t_us=3493931 configured=800x600 texture=800x600
frame_presented t_us=3494141 configured=800x600
frame_acquired t_us=3494193 configured=800x600 texture=800x600
frame_presented t_us=3494408 configured=800x600
frame_acquired t_us=3494462 configured=800x600 texture=800x600
frame_presented t_us=3494668 configured=800x600
frame_acquired t_us=3494722 configured=800x600 texture=800x600
frame_presented t_us=3494925 configured=800x600
frame_acquired t_us=3494977 configured=800x600 texture=800x600
frame_presented t_us=3495180 configured=800x600
frame_acquired t_us=3495233 configured=800x600 texture=800x600
frame_presented t_us=3495444 configured=800x600
frame_acquired t_us=3495497 configured=800x600 texture=800x600
frame_presented t_us=3495699 configured=800x600
frame_acquired t_us=3495751 configured=800x600 texture=800x600
frame_presented t_us=3495954 configured=800x600
frame_acquired t_us=3496006 configured=800x600 texture=800x600
frame_presented t_us=3496207 configured=800x600
frame_acquired t_us=3496260 configured=800x600 texture=800x600
frame_presented t_us=3496469 configured=800x600
frame_acquired t_us=3496521 configured=800x600 texture=800x600
frame_presented t_us=3496724 configured=800x600
frame_acquired t_us=3496776 configured=800x600 texture=800x600
frame_presented t_us=3496978 configured=800x600
frame_acquired t_us=3497031 configured=800x600 texture=800x600
frame_presented t_us=3497232 configured=800x600
frame_acquired t_us=3497290 configured=800x600 texture=800x600
frame_presented t_us=3497494 configured=800x600
frame_acquired t_us=3497547 configured=800x600 texture=800x600
frame_presented t_us=3497748 configured=800x600
frame_acquired t_us=3497801 configured=800x600 texture=800x600
frame_presented t_us=3498005 configured=800x600
frame_acquired t_us=3498059 configured=800x600 texture=800x600
frame_presented t_us=3498265 configured=800x600
frame_acquired t_us=3498340 configured=800x600 texture=800x600
frame_presented t_us=3498536 configured=800x600
frame_acquired t_us=3498590 configured=800x600 texture=800x600
frame_presented t_us=3498777 configured=800x600
frame_acquired t_us=3498871 configured=800x600 texture=800x600
frame_presented t_us=3499102 configured=800x600
frame_acquired t_us=3499157 configured=800x600 texture=800x600
frame_presented t_us=3499383 configured=800x600
frame_acquired t_us=3499441 configured=800x600 texture=800x600
frame_presented t_us=3499648 configured=800x600
frame_acquired t_us=3499702 configured=800x600 texture=800x600
frame_presented t_us=3499905 configured=800x600
frame_acquired t_us=3499958 configured=800x600 texture=800x600
frame_presented t_us=3500162 configured=800x600
frame_acquired t_us=3500215 configured=800x600 texture=800x600
frame_presented t_us=3500425 configured=800x600
frame_acquired t_us=3500478 configured=800x600 texture=800x600
frame_presented t_us=3500682 configured=800x600
frame_acquired t_us=3500735 configured=800x600 texture=800x600
frame_presented t_us=3500944 configured=800x600
frame_acquired t_us=3500997 configured=800x600 texture=800x600
frame_presented t_us=3501200 configured=800x600
frame_acquired t_us=3501253 configured=800x600 texture=800x600
frame_presented t_us=3501463 configured=800x600
frame_acquired t_us=3501516 configured=800x600 texture=800x600
frame_presented t_us=3501719 configured=800x600
frame_acquired t_us=3501773 configured=800x600 texture=800x600
frame_presented t_us=3501976 configured=800x600
frame_acquired t_us=3502029 configured=800x600 texture=800x600
frame_presented t_us=3502234 configured=800x600
frame_acquired t_us=3502306 configured=800x600 texture=800x600
frame_presented t_us=3502538 configured=800x600
frame_acquired t_us=3502609 configured=800x600 texture=800x600
frame_presented t_us=3502920 configured=800x600
frame_acquired t_us=3502975 configured=800x600 texture=800x600
frame_presented t_us=3503193 configured=800x600
frame_acquired t_us=3503246 configured=800x600 texture=800x600
frame_presented t_us=3503466 configured=800x600
frame_acquired t_us=3503520 configured=800x600 texture=800x600
frame_presented t_us=3503732 configured=800x600
frame_acquired t_us=3503785 configured=800x600 texture=800x600
frame_presented t_us=3503999 configured=800x600
frame_acquired t_us=3504052 configured=800x600 texture=800x600
frame_presented t_us=3504257 configured=800x600
frame_acquired t_us=3504315 configured=800x600 texture=800x600
frame_presented t_us=3504523 configured=800x600
frame_acquired t_us=3504577 configured=800x600 texture=800x600
frame_presented t_us=3504779 configured=800x600
frame_acquired t_us=3504832 configured=800x600 texture=800x600
frame_presented t_us=3505037 configured=800x600
frame_acquired t_us=3505095 configured=800x600 texture=800x600
frame_presented t_us=3505302 configured=800x600
frame_acquired t_us=3505356 configured=800x600 texture=800x600
frame_presented t_us=3505558 configured=800x600
frame_acquired t_us=3505611 configured=800x600 texture=800x600
frame_presented t_us=3505814 configured=800x600
frame_acquired t_us=3505867 configured=800x600 texture=800x600
frame_presented t_us=3506070 configured=800x600
frame_acquired t_us=3506123 configured=800x600 texture=800x600
frame_presented t_us=3506331 configured=800x600
frame_acquired t_us=3506383 configured=800x600 texture=800x600
frame_presented t_us=3506586 configured=800x600
frame_acquired t_us=3506639 configured=800x600 texture=800x600
frame_presented t_us=3506840 configured=800x600
frame_acquired t_us=3506893 configured=800x600 texture=800x600
frame_presented t_us=3507095 configured=800x600
frame_acquired t_us=3507148 configured=800x600 texture=800x600
frame_presented t_us=3507364 configured=800x600
frame_acquired t_us=3507416 configured=800x600 texture=800x600
frame_presented t_us=3507620 configured=800x600
frame_acquired t_us=3507673 configured=800x600 texture=800x600
frame_presented t_us=3507876 configured=800x600
frame_acquired t_us=3507929 configured=800x600 texture=800x600
frame_presented t_us=3508131 configured=800x600
frame_acquired t_us=3508184 configured=800x600 texture=800x600
frame_presented t_us=3508392 configured=800x600
frame_acquired t_us=3508446 configured=800x600 texture=800x600
frame_presented t_us=3508649 configured=800x600
frame_acquired t_us=3508701 configured=800x600 texture=800x600
frame_presented t_us=3508903 configured=800x600
frame_acquired t_us=3508956 configured=800x600 texture=800x600
frame_presented t_us=3509163 configured=800x600
frame_acquired t_us=3509229 configured=800x600 texture=800x600
frame_presented t_us=3509560 configured=800x600
frame_acquired t_us=3509620 configured=800x600 texture=800x600
frame_presented t_us=3509835 configured=800x600
frame_acquired t_us=3509889 configured=800x600 texture=800x600
frame_presented t_us=3510095 configured=800x600
frame_acquired t_us=3510148 configured=800x600 texture=800x600
frame_presented t_us=3510382 configured=800x600
frame_acquired t_us=3510436 configured=800x600 texture=800x600
frame_presented t_us=3510643 configured=800x600
frame_acquired t_us=3510696 configured=800x600 texture=800x600
frame_presented t_us=3510900 configured=800x600
frame_acquired t_us=3510952 configured=800x600 texture=800x600
frame_presented t_us=3511156 configured=800x600
frame_acquired t_us=3511210 configured=800x600 texture=800x600
frame_presented t_us=3511420 configured=800x600
frame_acquired t_us=3511473 configured=800x600 texture=800x600
frame_presented t_us=3511676 configured=800x600
frame_acquired t_us=3511729 configured=800x600 texture=800x600
frame_presented t_us=3511932 configured=800x600
frame_acquired t_us=3511985 configured=800x600 texture=800x600
frame_presented t_us=3512187 configured=800x600
frame_acquired t_us=3512240 configured=800x600 texture=800x600
frame_presented t_us=3512450 configured=800x600
frame_acquired t_us=3512502 configured=800x600 texture=800x600
frame_presented t_us=3512704 configured=800x600
frame_acquired t_us=3512757 configured=800x600 texture=800x600
frame_presented t_us=3512959 configured=800x600
frame_acquired t_us=3513011 configured=800x600 texture=800x600
frame_presented t_us=3513212 configured=800x600
frame_acquired t_us=3513265 configured=800x600 texture=800x600
frame_presented t_us=3513472 configured=800x600
frame_acquired t_us=3513525 configured=800x600 texture=800x600
frame_presented t_us=3513733 configured=800x600
frame_acquired t_us=3513787 configured=800x600 texture=800x600
frame_presented t_us=3513992 configured=800x600
frame_acquired t_us=3514045 configured=800x600 texture=800x600
frame_presented t_us=3514249 configured=800x600
frame_acquired t_us=3514306 configured=800x600 texture=800x600
frame_presented t_us=3514511 configured=800x600
frame_acquired t_us=3514563 configured=800x600 texture=800x600
frame_presented t_us=3514767 configured=800x600
frame_acquired t_us=3514820 configured=800x600 texture=800x600
frame_presented t_us=3515027 configured=800x600
frame_acquired t_us=3515081 configured=800x600 texture=800x600
frame_presented t_us=3515265 configured=800x600
frame_acquired t_us=3515322 configured=800x600 texture=800x600
frame_presented t_us=3515521 configured=800x600
frame_acquired t_us=3515575 configured=800x600 texture=800x600
frame_presented t_us=3515791 configured=800x600
frame_acquired t_us=3515844 configured=800x600 texture=800x600
frame_presented t_us=3516050 configured=800x600
frame_acquired t_us=3516102 configured=800x600 texture=800x600
frame_presented t_us=3516316 configured=800x600
frame_acquired t_us=3516372 configured=800x600 texture=800x600
frame_presented t_us=3516576 configured=800x600
frame_acquired t_us=3516629 configured=800x600 texture=800x600
frame_presented t_us=3516832 configured=800x600
frame_acquired t_us=3516885 configured=800x600 texture=800x600
frame_presented t_us=3517088 configured=800x600
frame_acquired t_us=3517141 configured=800x600 texture=800x600
frame_presented t_us=3517356 configured=800x600
frame_acquired t_us=3517409 configured=800x600 texture=800x600
frame_presented t_us=3517613 configured=800x600
frame_acquired t_us=3517666 configured=800x600 texture=800x600
frame_presented t_us=3517868 configured=800x600
frame_acquired t_us=3517921 configured=800x600 texture=800x600
frame_presented t_us=3518154 configured=800x600
frame_acquired t_us=3518210 configured=800x600 texture=800x600
frame_presented t_us=3518434 configured=800x600
frame_acquired t_us=3518489 configured=800x600 texture=800x600
frame_presented t_us=3518694 configured=800x600
frame_acquired t_us=3518747 configured=800x600 texture=800x600
frame_presented t_us=3518952 configured=800x600
frame_acquired t_us=3519017 configured=800x600 texture=800x600
frame_presented t_us=3519354 configured=800x600
frame_acquired t_us=3519416 configured=800x600 texture=800x600
frame_presented t_us=3519638 configured=800x600
frame_acquired t_us=3519692 configured=800x600 texture=800x600
frame_presented t_us=3519900 configured=800x600
frame_acquired t_us=3519953 configured=800x600 texture=800x600
frame_presented t_us=3520161 configured=800x600
frame_acquired t_us=3520216 configured=800x600 texture=800x600
frame_presented t_us=3520443 configured=800x600
frame_acquired t_us=3520499 configured=800x600 texture=800x600
frame_presented t_us=3520706 configured=800x600
frame_acquired t_us=3520759 configured=800x600 texture=800x600
frame_presented t_us=3520963 configured=800x600
frame_acquired t_us=3521017 configured=800x600 texture=800x600
frame_presented t_us=3521221 configured=800x600
frame_acquired t_us=3521274 configured=800x600 texture=800x600
frame_presented t_us=3521482 configured=800x600
frame_acquired t_us=3521535 configured=800x600 texture=800x600
frame_presented t_us=3521738 configured=800x600
frame_acquired t_us=3521791 configured=800x600 texture=800x600
frame_presented t_us=3521994 configured=800x600
frame_acquired t_us=3522047 configured=800x600 texture=800x600
frame_presented t_us=3522250 configured=800x600
frame_acquired t_us=3522307 configured=800x600 texture=800x600
frame_presented t_us=3522511 configured=800x600
frame_acquired t_us=3522564 configured=800x600 texture=800x600
frame_presented t_us=3522768 configured=800x600
frame_acquired t_us=3522821 configured=800x600 texture=800x600
frame_presented t_us=3523024 configured=800x600
frame_acquired t_us=3523081 configured=800x600 texture=800x600
frame_presented t_us=3523306 configured=800x600
frame_acquired t_us=3523367 configured=800x600 texture=800x600
frame_presented t_us=3523576 configured=800x600
frame_acquired t_us=3523630 configured=800x600 texture=800x600
frame_presented t_us=3523834 configured=800x600
frame_acquired t_us=3523886 configured=800x600 texture=800x600
frame_presented t_us=3524121 configured=800x600
frame_acquired t_us=3524176 configured=800x600 texture=800x600
frame_presented t_us=3524392 configured=800x600
frame_acquired t_us=3524446 configured=800x600 texture=800x600
frame_presented t_us=3524671 configured=800x600
frame_acquired t_us=3524751 configured=800x600 texture=800x600
frame_presented t_us=3525057 configured=800x600
frame_acquired t_us=3525112 configured=800x600 texture=800x600
frame_presented t_us=3525333 configured=800x600
frame_acquired t_us=3525388 configured=800x600 texture=800x600
frame_presented t_us=3525598 configured=800x600
frame_acquired t_us=3525651 configured=800x600 texture=800x600
frame_presented t_us=3525859 configured=800x600
frame_acquired t_us=3525912 configured=800x600 texture=800x600
frame_presented t_us=3526119 configured=800x600
frame_acquired t_us=3526172 configured=800x600 texture=800x600
frame_presented t_us=3526383 configured=800x600
frame_acquired t_us=3526435 configured=800x600 texture=800x600
frame_presented t_us=3526640 configured=800x600
frame_acquired t_us=3526693 configured=800x600 texture=800x600
frame_presented t_us=3526898 configured=800x600
frame_acquired t_us=3526950 configured=800x600 texture=800x600
frame_presented t_us=3527152 configured=800x600
frame_acquired t_us=3527205 configured=800x600 texture=800x600
frame_presented t_us=3527416 configured=800x600
frame_acquired t_us=3527469 configured=800x600 texture=800x600
frame_presented t_us=3527672 configured=800x600
frame_acquired t_us=3527725 configured=800x600 texture=800x600
frame_presented t_us=3527927 configured=800x600
frame_acquired t_us=3527980 configured=800x600 texture=800x600
frame_presented t_us=3528181 configured=800x600
frame_acquired t_us=3528234 configured=800x600 texture=800x600
frame_presented t_us=3528443 configured=800x600
frame_acquired t_us=3528496 configured=800x600 texture=800x600
frame_presented t_us=3528698 configured=800x600
frame_acquired t_us=3528751 configured=800x600 texture=800x600
frame_presented t_us=3528953 configured=800x600
frame_acquired t_us=3529005 configured=800x600 texture=800x600
frame_presented t_us=3529207 configured=800x600
frame_acquired t_us=3529260 configured=800x600 texture=800x600
frame_presented t_us=3529497 configured=800x600
frame_acquired t_us=3529552 configured=800x600 texture=800x600
frame_presented t_us=3529759 configured=800x600
frame_acquired t_us=3529812 configured=800x600 texture=800x600
frame_presented t_us=3530027 configured=800x600
frame_acquired t_us=3530084 configured=800x600 texture=800x600
frame_presented t_us=3530303 configured=800x600
frame_acquired t_us=3530356 configured=800x600 texture=800x600
frame_presented t_us=3530561 configured=800x600
frame_acquired t_us=3530614 configured=800x600 texture=800x600
frame_presented t_us=3530816 configured=800x600
frame_acquired t_us=3530869 configured=800x600 texture=800x600
frame_presented t_us=3531071 configured=800x600
frame_acquired t_us=3531124 configured=800x600 texture=800x600
frame_presented t_us=3531330 configured=800x600
frame_acquired t_us=3531384 configured=800x600 texture=800x600
frame_presented t_us=3531592 configured=800x600
frame_acquired t_us=3531647 configured=800x600 texture=800x600
frame_presented t_us=3531834 configured=800x600
frame_acquired t_us=3531887 configured=800x600 texture=800x600
frame_presented t_us=3532089 configured=800x600
frame_acquired t_us=3532146 configured=800x600 texture=800x600
frame_presented t_us=3532382 configured=800x600
frame_acquired t_us=3532442 configured=800x600 texture=800x600
frame_presented t_us=3532657 configured=800x600
frame_acquired t_us=3532710 configured=800x600 texture=800x600
frame_presented t_us=3532917 configured=800x600
frame_acquired t_us=3532970 configured=800x600 texture=800x600
frame_presented t_us=3533174 configured=800x600
frame_acquired t_us=3533230 configured=800x600 texture=800x600
frame_presented t_us=3533443 configured=800x600
frame_acquired t_us=3533496 configured=800x600 texture=800x600
frame_presented t_us=3533700 configured=800x600
frame_acquired t_us=3533753 configured=800x600 texture=800x600
frame_presented t_us=3533957 configured=800x600
frame_acquired t_us=3534021 configured=800x600 texture=800x600
frame_presented t_us=3534245 configured=800x600
frame_acquired t_us=3534304 configured=800x600 texture=800x600
frame_presented t_us=3534513 configured=800x600
frame_acquired t_us=3534567 configured=800x600 texture=800x600
frame_presented t_us=3534772 configured=800x600
frame_acquired t_us=5089902 configured=800x600 texture=800x600
frame_presented t_us=5090457 configured=800x600
